drop table if exists t1,t2,t3,t4,t5,t6;
drop database if exists mysqltest;
CREATE TABLE t1 (a varbinary(30) NOT NULL DEFAULT ' ',
b varbinary(1) NOT NULL DEFAULT ' ',
c varbinary(4) NOT NULL DEFAULT '0000',
d blob NULL,
e blob NULL,
f blob NULL,
g blob NULL,
h blob NULL,
i blob NULL,
j blob NULL,
k blob NULL,
l blob NULL,
m blob NULL,
n blob NULL,
o blob NULL,
p blob NULL,
q varbinary(30) NOT NULL DEFAULT ' ',
r varbinary(30) NOT NULL DEFAULT ' ',
s blob NULL,
t varbinary(4) NOT NULL DEFAULT ' ',
u varbinary(1) NOT NULL DEFAULT ' ',
v varbinary(30) NOT NULL DEFAULT ' ',
w varbinary(30) NOT NULL DEFAULT ' ',
x blob NULL,
y varbinary(5) NOT NULL DEFAULT ' ',
z varbinary(20) NOT NULL DEFAULT ' ',
a1 varbinary(30) NOT NULL DEFAULT ' ',
b1 blob NULL)
ENGINE=InnoDB DEFAULT COLLATE utf8_bin;
INSERT into t1 (b) values ('1');
SHOW WARNINGS;
Level	Code	Message
SELECT * from t1;
a	b	c	d	e	f	g	h	i	j	k	l	m	n	o	p	q	r	s	t	u	v	w	x	y	z	a1	b1
 	1	0000	NULL	NULL	NULL	NULL	NULL	NULL	NULL	NULL	NULL	NULL	NULL	NULL	NULL	 	 	NULL	 	 	 	 	NULL	 	 	 	NULL
CREATE TABLE t2 (a varbinary(30) NOT NULL DEFAULT ' ',
b varbinary(1) NOT NULL DEFAULT ' ',
c varbinary(4) NOT NULL DEFAULT '0000',
d blob NULL,
e blob NULL,
f blob NULL,
g blob NULL,
h blob NULL,
i blob NULL,
j blob NULL,
k blob NULL,
l blob NULL,
m blob NULL,
n blob NULL,
o blob NULL,
p blob NULL,
q varbinary(30) NOT NULL DEFAULT ' ',
r varbinary(30) NOT NULL DEFAULT ' ',
s blob NULL,
t varbinary(4) NOT NULL DEFAULT ' ',
u varbinary(1) NOT NULL DEFAULT ' ',
v varbinary(30) NOT NULL DEFAULT ' ',
w varbinary(30) NOT NULL DEFAULT ' ',
x blob NULL,
y varbinary(5) NOT NULL DEFAULT ' ',
z varbinary(20) NOT NULL DEFAULT ' ',
a1 varbinary(30) NOT NULL DEFAULT ' ',
b1 blob NULL)
ENGINE=MyISAM DEFAULT COLLATE utf8_bin;
SHOW CREATE TABLE t2;
Table	Create Table
t2	CREATE TABLE `t2` (
  `a` varbinary(30) NOT NULL DEFAULT ' ',
  `b` varbinary(1) NOT NULL DEFAULT ' ',
  `c` varbinary(4) NOT NULL DEFAULT '0000',
  `d` blob,
  `e` blob,
  `f` blob,
  `g` blob,
  `h` blob,
  `i` blob,
  `j` blob,
  `k` blob,
  `l` blob,
  `m` blob,
  `n` blob,
  `o` blob,
  `p` blob,
  `q` varbinary(30) NOT NULL DEFAULT ' ',
  `r` varbinary(30) NOT NULL DEFAULT ' ',
  `s` blob,
  `t` varbinary(4) NOT NULL DEFAULT ' ',
  `u` varbinary(1) NOT NULL DEFAULT ' ',
  `v` varbinary(30) NOT NULL DEFAULT ' ',
  `w` varbinary(30) NOT NULL DEFAULT ' ',
  `x` blob,
  `y` varbinary(5) NOT NULL DEFAULT ' ',
  `z` varbinary(20) NOT NULL DEFAULT ' ',
  `a1` varbinary(30) NOT NULL DEFAULT ' ',
  `b1` blob
) ENGINE=MyISAM
INSERT into t2 (b) values ('1');
SHOW WARNINGS;
Level	Code	Message
SELECT * from t2;
a	b	c	d	e	f	g	h	i	j	k	l	m	n	o	p	q	r	s	t	u	v	w	x	y	z	a1	b1
 	1	0000	NULL	NULL	NULL	NULL	NULL	NULL	NULL	NULL	NULL	NULL	NULL	NULL	NULL	 	 	NULL	 	 	 	 	NULL	 	 	 	NULL
drop table t1;
drop table t2;
create table bug20691 (i int, d datetime NOT NULL, dn datetime NULL);
insert into bug20691 values (7, DEFAULT, DEFAULT), (7, '1975-07-10 07:10:03', '1978-01-13 14:08:51'), (7, DEFAULT, DEFAULT);
ERROR HY000: Field 'd' doesn't have a default value
insert into bug20691 values (7, '1975-07-10 07:10:03', DEFAULT);
select * from bug20691 order by i asc;
i	d	dn
7	1975-07-10 07:10:03	NULL
drop table bug20691;
create table bug20691 (
b enum('small', 'medium', 'large', 'enormous', 'ellisonego') not null,
d date not null,
e int not null,
g blob not null,
h datetime not null,
i decimal not null,
x int);
insert into bug20691 values (3, '0007-01-01', 11, 17, '0019-01-01 00:00:00', 23, 1);
insert into bug20691 (x) values (2);
ERROR HY000: Field 'd' doesn't have a default value
insert into bug20691 values (3, '0007-01-01', 11, 17, '0019-01-01 00:00:00', 23, 3);
insert into bug20691 values (DEFAULT, DEFAULT, DEFAULT, DEFAULT, DEFAULT, DEFAULT, 4);
ERROR HY000: Field 'b' doesn't have a default value
select * from bug20691 order by x asc;
b	d	e	g	h	i	x
large	0007-01-01	11	17	0019-01-01 00:00:00	23	1
large	0007-01-01	11	17	0019-01-01 00:00:00	23	3
drop table bug20691;
create table t1 (id int not null default 1);
insert into t1 values(default);
drop table t1;
