select crc32();
ERROR 42000: Incorrect parameters in the call to native function 'crc32'
select crc32('foo','bar','baz');
ERROR 42000: Incorrect parameters in the call to native function 'crc32'
select crc32('12341234');
crc32('12341234')
2136042507
select crc32('a');
crc32('a')
3904355907
select crc32('taohuoahusoahusoa haneo uhnteoahu ntoahu saonhu aoeuoa hun');
crc32('taohuoahusoahusoa haneo uhnteoahu ntoahu saonhu aoeuoa hun')
734998015
