drop table if exists t1, t2, t3, t4, t5, t6;
create table t1 (id int, name varchar(32));
create table t2 (id int, name varchar(32)) ENGINE="MyISAM";
create table t3 (id int, name varchar(32)) ENGINE="MEMORY";
create table t4 (id int, name varchar(32)) ENGINE="HEAP";
create table t6 (id int, name varchar(32)) ENGINE="InnoDB";
insert into t1 values (1, 'first value');
insert into t1 values (2, 'first value');
insert into t1 values (3, 'first value');
insert into t1 values (4, 'first value');
insert into t1 values (5, 'first value');
insert into t2 values (1, 'first value');
insert into t2 values (2, 'first value');
insert into t2 values (3, 'first value');
insert into t2 values (4, 'first value');
insert into t2 values (5, 'first value');
insert into t3 values (1, 'first value');
insert into t3 values (2, 'first value');
insert into t3 values (3, 'first value');
insert into t3 values (4, 'first value');
insert into t3 values (5, 'first value');
insert into t4 values (1, 'first value');
insert into t4 values (2, 'first value');
insert into t4 values (3, 'first value');
insert into t4 values (4, 'first value');
insert into t4 values (5, 'first value');
insert into t6 values (1, 'first value');
insert into t6 values (2, 'first value');
insert into t6 values (3, 'first value');
insert into t6 values (4, 'first value');
insert into t6 values (5, 'first value');
select * from t1;
id	name
1	first value
2	first value
3	first value
4	first value
5	first value
select * from t2;
id	name
1	first value
2	first value
3	first value
4	first value
5	first value
select * from t3;
id	name
1	first value
2	first value
3	first value
4	first value
5	first value
select * from t4;
id	name
1	first value
2	first value
3	first value
4	first value
5	first value
select * from t6;
id	name
1	first value
2	first value
3	first value
4	first value
5	first value
/*!40014 SET @OLD_UNIQUE_CHECKS=@@UNIQUE_CHECKS, UNIQUE_CHECKS=0 */;
/*!40014 SET @OLD_FOREIGN_KEY_CHECKS=@@FOREIGN_KEY_CHECKS, FOREIGN_KEY_CHECKS=0 */;

CREATE DATABASE /*!32312 IF NOT EXISTS*/ `test` /*!40100 DEFAULT CHARACTER SET utf8 */;

USE `test`;
/*!40014 SET FOREIGN_KEY_CHECKS=@OLD_FOREIGN_KEY_CHECKS */;
/*!40014 SET UNIQUE_CHECKS=@OLD_UNIQUE_CHECKS */;
/*!40014 SET @OLD_UNIQUE_CHECKS=@@UNIQUE_CHECKS, UNIQUE_CHECKS=0 */;
/*!40014 SET @OLD_FOREIGN_KEY_CHECKS=@@FOREIGN_KEY_CHECKS, FOREIGN_KEY_CHECKS=0 */;

CREATE DATABASE /*!32312 IF NOT EXISTS*/ `test` /*!40100 DEFAULT CHARACTER SET utf8 */;

USE `test`;
/*!40014 SET FOREIGN_KEY_CHECKS=@OLD_FOREIGN_KEY_CHECKS */;
/*!40014 SET UNIQUE_CHECKS=@OLD_UNIQUE_CHECKS */;
drop table t1;
drop table t2;
drop table t3;
drop table t4;
drop table t6;
