drop table if exists t1;
create table t1(a int);
insert into t1 values(1);
_
Test delimiter : from command line
a
1
_
Test delimiter :; from command line
a
1
_
Test 'go' command(vertical output) G
*************************** 1. row ***************************
a: 1
_
Test  'go' command g
a
1
drop table t1;
+-------------------+
| __tañgè Ñãmé      |
+-------------------+
| John Doe          | 
+-------------------+
+-------------------+
| John Doe          |
+-------------------+
| __tañgè Ñãmé      | 
+-------------------+
+------+------+---------------------------+
| i    | j    | k                         |
+------+------+---------------------------+
|    1 | NULL | NULL                      | 
| NULL | NULL | <-----------------------> | 
| NULL | NULL | <-----                    | 
| NULL | NULL | Τη γλώσσα                 | 
| NULL | NULL | ᛖᚴ ᚷᛖᛏ                    | 
+------+------+---------------------------+
i	j	k
NULL	1	NULL
Field	Type	Null	Key	Default	Extra
i	int	YES		NULL	
j	int	NO		NULL	
k	int	YES		NULL	
+------+---+------+
| i    | j | k    |
+------+---+------+
| NULL | 1 | NULL | 
+------+---+------+
+-------+------+------+-----+---------+-------+
| Field | Type | Null | Key | Default | Extra |
+-------+------+------+-----+---------+-------+
| i     | int  | YES  |     | NULL    |       | 
| j     | int  | NO   |     | NULL    |       | 
| k     | int  | YES  |     | NULL    |       | 
+-------+------+------+-----+---------+-------+
i	s1
1	x
2	NULL
3	 
+------+------+
| i    | s1   |
+------+------+
|    1 | x    | 
|    2 | NULL | 
|    3 |      | 
+------+------+
unhex('zz')
NULL
+-------------+
| unhex('zz') |
+-------------+
| NULL        | 
+-------------+
create table t1(a int, b varchar(255), c int);
Field	Type	Null	Key	Default	Extra
a	int	YES		NULL	
b	varchar(255)	YES		NULL	
c	int	YES		NULL	
Field	Type	Null	Key	Default	Extra
a	int	YES		NULL	
b	varchar(255)	YES		NULL	
c	int	YES		NULL	
drop table t1;
1
1
ERROR 1064 (42000) at line 4: You have an error in your SQL syntax; check the manual that corresponds to your Drizzle server version for the right syntax to use near '' at line 1
ERROR: USE must be followed by a database name
create table t17583 (a int);
insert into t17583 (a) values (0),(1),(2),(3),(4),(5),(6),(7),(8),(9);
insert into t17583 select a from t17583;
insert into t17583 select a from t17583;
insert into t17583 select a from t17583;
insert into t17583 select a from t17583;
insert into t17583 select a from t17583;
insert into t17583 select a from t17583;
insert into t17583 select a from t17583;
select count(*) from t17583;
count(*)
1280
drop table t17583;
Test connect without db- or host-name => reconnect
Test connect with dbname only => new dbname, old hostname
ERROR 1064 (42000) at line 2: You have an error in your SQL syntax; check the manual that corresponds to your Drizzle server version for the right syntax to use near 'connecttest' at line 1
Test connect with _invalid_ dbname only => new invalid dbname, old hostname
ERROR 1049 (42000): Unknown database 'invalid'
ERROR 1049 (42000): Unknown database 'invalid'
Test connect with dbname + hostname
Test connect with dbname + _invalid_ hostname
End of 5.0 tests
End of tests
