drop table if exists t1;
show variables like 'version';
Variable_name	Value
version	####.##.####
select version();
version()
####.##.####
select database();
database()
test
CREATE TABLE `t1` (
`col_bigint` bigint,
`col_text` text,
`col_char` char (1),
`col_enum` enum ('a','b','c','d','e','f','g','h','i','j','k','l','m','n','o','p','q','r','s','t','u','v','w','x','y','z'),
`col_int` int,
`col_char_not_null` char (1) not null,
`col_int_not_null_key` int not null,
`col_text_not_null` text not null,
`col_enum_not_null_key` enum ('a','b','c','d','e','f','g','h','i','j','k','l','m','n','o','p','q','r','s','t','u','v','w','x','y','z') not null,
`col_int_key` int,
`col_char_key` char (1),
`col_enum_not_null` enum ('a','b','c','d','e','f','g','h','i','j','k','l','m','n','o','p','q','r','s','t','u','v','w','x','y','z') not null,
`col_text_not_null_key` text not null,
pk integer auto_increment,
`col_bigint_key` bigint,
`col_int_not_null` int not null,
`col_bigint_not_null` bigint not null,
`col_bigint_not_null_key` bigint not null,
`col_char_not_null_key` char (1) not null,
`col_text_key` text,
`col_enum_key` enum ('a','b','c','d','e','f','g','h','i','j','k','l','m','n','o','p','q','r','s','t','u','v','w','x','y','z'),
/*Indices*/
key (`col_int_not_null_key` ),
key (`col_enum_not_null_key` ),
key (`col_int_key` ),
key (`col_char_key` ),
key (`col_text_not_null_key`  (255)),
primary key (pk),
key (`col_bigint_key` ),
key (`col_bigint_not_null_key` ),
key (`col_char_not_null_key` ),
key (`col_text_key`  (255)),
key (`col_enum_key` )) ENGINE=innodb;
Warnings:
Warning	1071	Specified key was too long; max key length is 767 bytes
Warning	1071	Specified key was too long; max key length is 767 bytes
set AUTOCOMMIT=OFF;
select table_schema, 
table_name, 
'STANDARD',
#       CASE WHEN table_type = 'STANDARD' THEN 'table' 
#            WHEN table_type = 'VIEW' THEN 'view' 
#            WHEN table_type = 'FUNCTION' then 'view' 
#       ELSE 'misc' END, 
column_name,
CASE WHEN IS_USED_IN_PRIMARY = 'TRUE' THEN 'primary' 
#      WHEN column_key = 'MUL' THEN 'indexed' 
#      WHEN column_key = 'UNI' THEN 'indexed' 
ELSE 'indexed' END 
FROM data_dictionary.index_parts;
table_schema	table_name	STANDARD	column_name	CASE WHEN IS_USED_IN_PRIMARY = 'TRUE' THEN 'primary' 
#      WHEN column_key = 'MUL' THEN 'indexed' 
#      WHEN column_key = 'UNI' THEN 'indexed' 
ELSE 'indexed' END 

test	t1	STANDARD	pk	primary
test	t1	STANDARD	col_int_not_null_key	indexed
test	t1	STANDARD	col_enum_not_null_key	indexed
test	t1	STANDARD	col_int_key	indexed
test	t1	STANDARD	col_char_key	indexed
test	t1	STANDARD	col_text_not_null_key	indexed
test	t1	STANDARD	col_bigint_key	indexed
test	t1	STANDARD	col_bigint_not_null_key	indexed
test	t1	STANDARD	col_char_not_null_key	indexed
test	t1	STANDARD	col_text_key	indexed
test	t1	STANDARD	col_enum_key	indexed
select AVG(`col_int_key`) + AVG(`col_int`) AS average1,
(SUM(`col_int_key`) + SUM(`col_int`)) / COUNT(*) AS average2,
COUNT(*) AS count FROM t1;
average1	average2	count
NULL	NULL	0
select collation_name,character_set_name FROM data_dictionary.collations;
collation_name	character_set_name
utf8_general_ci	utf8_general_ci
utf8_bin	utf8_general_ci
utf8_unicode_ci	utf8_general_ci
utf8_icelandic_ci	utf8_general_ci
utf8_latvian_ci	utf8_general_ci
utf8_romanian_ci	utf8_general_ci
utf8_slovenian_ci	utf8_general_ci
utf8_polish_ci	utf8_general_ci
utf8_estonian_ci	utf8_general_ci
utf8_spanish_ci	utf8_general_ci
utf8_swedish_ci	utf8_general_ci
utf8_turkish_ci	utf8_general_ci
utf8_czech_ci	utf8_general_ci
utf8_danish_ci	utf8_general_ci
utf8_lithuanian_ci	utf8_general_ci
utf8_slovak_ci	utf8_general_ci
utf8_spanish2_ci	utf8_general_ci
utf8_roman_ci	utf8_general_ci
utf8_persian_ci	utf8_general_ci
utf8_esperanto_ci	utf8_general_ci
utf8_hungarian_ci	utf8_general_ci
utf8_sinhala_ci	utf8_general_ci
binary	binary
select COUNT(*) from data_dictionary.tables;
COUNT(*)
33
