create schema a;
use a;
create temporary table a (A int) ENGINE=MEMORY;
insert into a VALUES (1), (2), (3);
select * from data_dictionary.show_temporary_Tables;
TABLE_SCHEMA	TABLE_NAME	RECORDS	RECORD_LENGTH	ENGINE
a	a	0	5	MEMORY
create schema b;
use b;
create temporary table a (A int);
create temporary table b (A int);
insert into a SELECT * FROM a.a;
insert into b SELECT * FROM a.a;
SELECT * FROM a;
A
1
2
3
SELECT * FROM b;
A
1
2
3
select * from data_dictionary.show_temporary_Tables;
TABLE_SCHEMA	TABLE_NAME	RECORDS	RECORD_LENGTH	ENGINE
b	b	3	5	InnoDB
b	a	3	5	InnoDB
a	a	3	5	MEMORY
drop schema a;
select * from data_dictionary.show_temporary_Tables;
TABLE_SCHEMA	TABLE_NAME	RECORDS	RECORD_LENGTH	ENGINE
b	b	3	5	InnoDB
b	a	3	5	InnoDB
drop schema b;
select * from data_dictionary.show_temporary_Tables;
TABLE_SCHEMA	TABLE_NAME	RECORDS	RECORD_LENGTH	ENGINE
