SET SESSION storage_engine=pbxt;
CREATE TABLE t1 (a int primary key);
insert into t1 values (1),(2);
insert into t1 values (3),(4);
insert into t1 values (5),(6);
insert into t1 values (7),(8);
insert into t1 values (9),(10);
explain select * from t1;
id	select_type	table	type	possible_keys	key	key_len	ref	rows	Extra
1	SIMPLE	t1	index	NULL	PRIMARY	4	NULL	10	Using index
select * from t1;
a
1
2
3
4
5
6
7
8
9
10
DROP TABLE t1;
