SELECT ROT13("hello world");
ROT13("hello world")
svool dliow
SELECT ROT13();
ERROR 42000: Incorrect parameter count in the call to native function 'rot13'
SELECT ROT13('foo','bar','zoo');
ERROR 42000: Incorrect parameter count in the call to native function 'rot13'
SELECT ROT13('');
CRC32('')

SELECT ROT13("UPPERCASE works 2");
ROT13("UPPERCASE works 2")
svool dliow
