drop table if exists t1, t2;
create table t1 (a int) engine = blitzdb;
create table t2 (a int) engine = blitzdb;
insert into t1 values (1), (2), (3);
insert into t2 values (1), (4), (8);
select * from t1 JOIN t2 where t1.a = t2.a;
a	a
1	1
select * from t1 LEFT JOIN t2 on t1.a = t2.a;
a	a
1	1
2	NULL
3	NULL
select * from t1 RIGHT JOIN t2 on t1.a = t2.a;
a	a
1	1
NULL	4
NULL	8
select * from t1 UNION select * from t2;
a
1
2
3
4
8
drop table t1, t2;
