drop table if exists t1;
create table t1 (a int, index(a)) engine = blitzdb;
insert into t1 values (1),(2),(3),(4),(5),(6),(7),(8),(9),(10);
insert into t1 values (11),(12),(13),(14),(15),(16),(17),(18),(19),(20);
insert into t1 values (21),(22),(23),(24),(25),(26),(27),(28),(29),(30);
insert into t1 values (31),(32),(33),(34),(35),(36),(37),(38),(39),(40);
insert into t1 values (41),(42),(43),(44),(45),(46),(47),(48),(49),(50);
insert into t1 values (51),(52),(53),(54),(55),(56),(57),(58),(59),(60);
select count(*) from t1;
count(*)
60
select max(a) from t1;
max(a)
60
explain select * from t1 where a <= 30;
id	select_type	table	type	possible_keys	key	key_len	ref	rows	Extra
1	SIMPLE	t1	range	a	a	5	NULL	4	Using where; Using index
select * from t1 where a <= 30;
a
1
2
3
4
5
6
7
8
9
10
11
12
13
14
15
16
17
18
19
20
21
22
23
24
25
26
27
28
29
30
explain select * from t1 where a > 30;
id	select_type	table	type	possible_keys	key	key_len	ref	rows	Extra
1	SIMPLE	t1	range	a	a	5	NULL	4	Using where; Using index
select * from t1 where a > 30;
a
31
32
33
34
35
36
37
38
39
40
41
42
43
44
45
46
47
48
49
50
51
52
53
54
55
56
57
58
59
60
explain select * from t1 where a <= 10 limit 1;
id	select_type	table	type	possible_keys	key	key_len	ref	rows	Extra
1	SIMPLE	t1	range	a	a	5	NULL	4	Using where; Using index
select * from t1 where a <= 10 limit 1;
a
1
explain select * from t1 where a <= 10 order by a desc limit 1;
id	select_type	table	type	possible_keys	key	key_len	ref	rows	Extra
1	SIMPLE	t1	range	a	a	5	NULL	4	Using where; Using index
select * from t1 where a <= 10 order by a desc limit 1;
a
10
explain select * from t1 where a between 30 and 40;
id	select_type	table	type	possible_keys	key	key_len	ref	rows	Extra
1	SIMPLE	t1	range	a	a	5	NULL	4	Using where; Using index
select * from t1 where a between 30 and 40;
a
30
31
32
33
34
35
36
37
38
39
40
explain select * from t1 where a in (10, 20, 30, 40, 50, 60);
id	select_type	table	type	possible_keys	key	key_len	ref	rows	Extra
1	SIMPLE	t1	range	a	a	5	NULL	24	Using where; Using index
select * from t1 where a in (10, 20, 30, 40, 50, 60);
a
10
20
30
40
50
60
select * from t1 where a > 60;
a
select * from t1 where a < 0;
a
select * from t1 where a > 20 and a < 20;
a
select * from t1 where a is NULL;
a
drop table t1;
create table t1 (a date, index(a)) engine = blitzdb;
insert into t1 values ('2000-07-10'), ('2000-07-11'), ('2000-07-12');
insert into t1 values ('2000-08-13'), ('2000-08-14'), ('2000-08-15');
insert into t1 values ('2001-07-10'), ('2001-07-11'), ('2001-07-12');
insert into t1 values ('2001-08-13'), ('2001-08-14'), ('2001-08-15');
insert into t1 values ('2002-07-10'), ('2002-07-11'), ('2002-07-12');
insert into t1 values ('2002-08-13'), ('2002-08-14'), ('2002-08-15');
insert into t1 values ('2003-07-10'), ('2003-07-11'), ('2003-07-12');
insert into t1 values ('2003-08-13'), ('2003-08-14'), ('2003-08-15');
insert into t1 values ('2004-07-10'), ('2004-07-11'), ('2004-07-12');
insert into t1 values ('2004-08-13'), ('2004-08-14'), ('2004-08-15');
explain select * from t1 where a < '2002-01-01';
id	select_type	table	type	possible_keys	key	key_len	ref	rows	Extra
1	SIMPLE	t1	range	a	a	4	NULL	4	Using where; Using index
select * from t1 where a < '2002-01-01';
a
2000-07-10
2000-07-11
2000-07-12
2000-08-13
2000-08-14
2000-08-15
2001-07-10
2001-07-11
2001-07-12
2001-08-13
2001-08-14
2001-08-15
explain select * from t1 where a between '2002-01-01' and '2002-12-31';
id	select_type	table	type	possible_keys	key	key_len	ref	rows	Extra
1	SIMPLE	t1	range	a	a	4	NULL	4	Using where; Using index
select * from t1 where a between '2002-01-01' and '2002-12-31';
a
2002-07-10
2002-07-11
2002-07-12
2002-08-13
2002-08-14
2002-08-15
explain select * from t1 where a > '2000-01-01' and a < '2004-12-31';
id	select_type	table	type	possible_keys	key	key_len	ref	rows	Extra
1	SIMPLE	t1	range	a	a	4	NULL	4	Using where; Using index
select * from t1 where a > '2000-01-01' and a < '2004-12-31';
a
2000-07-10
2000-07-11
2000-07-12
2000-08-13
2000-08-14
2000-08-15
2001-07-10
2001-07-11
2001-07-12
2001-08-13
2001-08-14
2001-08-15
2002-07-10
2002-07-11
2002-07-12
2002-08-13
2002-08-14
2002-08-15
2003-07-10
2003-07-11
2003-07-12
2003-08-13
2003-08-14
2003-08-15
2004-07-10
2004-07-11
2004-07-12
2004-08-13
2004-08-14
2004-08-15
select count(*) from t1 where a > '2000-01-01' and a < '2004-12-31';
count(*)
30
select * from t1 where a > '2022-01-01';
a
select * from t1 where a < '2000-01-01';
a
select count(*) from t1;
count(*)
30
select * from t1;
a
2000-07-10
2000-07-11
2000-07-12
2000-08-13
2000-08-14
2000-08-15
2001-07-10
2001-07-11
2001-07-12
2001-08-13
2001-08-14
2001-08-15
2002-07-10
2002-07-11
2002-07-12
2002-08-13
2002-08-14
2002-08-15
2003-07-10
2003-07-11
2003-07-12
2003-08-13
2003-08-14
2003-08-15
2004-07-10
2004-07-11
2004-07-12
2004-08-13
2004-08-14
2004-08-15
drop table t1;
