create table t1 (a int primary key auto_increment, b varchar(100));
select http_post("http://localhost:PORT/0.1/sql", 'select * from t1;');;
http_post("http://localhost:PORT/0.1/sql", 'select * from t1;')
{
   "query" : "select * from t1;",
   "sqlstate" : "00000"
}

insert into t1 (b) values ("from MySQL protocol");
select http_post('http://localhost:PORT/0.1/sql', 'select * from t1;');;
http_post('http://localhost:PORT/0.1/sql', 'select * from t1;')
{
   "query" : "select * from t1;",
   "result_set" : [
      [ "1", "from MySQL protocol" ]
   ],
   "sqlstate" : "00000"
}

select http_post('http://localhost:PORT/0.1/sql', 'insert into t1 (b) values (\'from http\');');;
http_post('http://localhost:PORT/0.1/sql', 'insert into t1 (b) values (\'from http\');')
{
   "query" : "insert into t1 (b) values ('from http');",
   "sqlstate" : "00000"
}

SELECT * from t1;
a	b
1	from MySQL protocol
2	from http
drop table t1;
create schema json;
CREATE TABLE `people` (
`_id` BIGINT NOT NULL AUTO_INCREMENT,
`document` TEXT COLLATE utf8_general_ci,
PRIMARY KEY (`_id`) USING BTREE
) ENGINE=InnoDB COLLATE = utf8_general_ci;
{
   "query" : {
      "_id" : 1,
      "document" : {
         "age" : 35,
         "firstname" : "Henrik",
         "lastname" : "Ingo"
      }
   },
   "sqlstate" : "00000"
}
{
   "error_message" : "You must specify table in the request uri query string.",
   "error_type" : "http error"
}
{
   "query" : {
      "_id" : 1
   },
   "result_set" : [
      {
         "_id" : 1,
         "document" : {
            "age" : 35,
            "firstname" : "Henrik",
            "lastname" : "Ingo"
         }
      }
   ],
   "sqlstate" : "00000"
}
{
   "error_message" : "You must specify \"table\" in the request uri query string.",
   "error_type" : "http error"
}
{
   "query" : {
      "_id" : 1
   },
   "sqlstate" : "00000"
}
{
   "error_message" : "You must specify \"table\" in the request uri query string.",
   "error_type" : "http error"
}
drop table people;
drop schema json;
