DROP TABLE IF EXISTS t1;
CREATE TABLE t1 (
id INT NOT NULL
, padding VARCHAR(200) NOT NULL
);
INSERT INTO t1 VALUES (1, "I love testing.");
INSERT INTO t1 VALUES (2, "I hate testing.");
SELECT * FROM INFORMATION_SCHEMA.TRANSACTION_LOG;
FILE_NAME	transaction.log
FILE_LENGTH	454
NUM_LOG_ENTRIES	4
NUM_TRANSACTIONS	4
MIN_TRANSACTION_ID	0
MAX_TRANSACTION_ID	4
MIN_END_TIMESTAMP	1258136256237884
MAX_END_TIMESTAMP	1258136256251906
SELECT * FROM INFORMATION_SCHEMA.TRANSACTION_LOG_ENTRIES;
ENTRY_OFFSET	ENTRY_TYPE	ENTRY_LENGTH
0	TRANSACTION	85
85	TRANSACTION	127
212	TRANSACTION	121
333	TRANSACTION	121
SELECT * FROM INFORMATION_SCHEMA.TRANSACTION_LOG_TRANSACTIONS;
ENTRY_OFFSET	TRANSACTION_ID	SERVER_ID	START_TIMESTAMP	END_TIMESTAMP	NUM_STATEMENTS	CHECKSUM
0	0	1	1258136256237875	1258136256237884	1	0
85	0	1	1258136256247213	1258136256247217	1	0
212	3	1	1258136256249819	1258136256250146	1	0
333	4	1	1258136256251424	1258136256251906	1	0
SET GLOBAL transaction_log_truncate_debug= true;
