DROP TABLE IF EXISTS t1;
CREATE TABLE t1 (
id INT NOT NULL
, padding VARCHAR(200) NOT NULL
);
INSERT INTO t1 VALUES (1, "I love testing.");
INSERT INTO t1 VALUES (2, "I hate testing.");
SELECT * FROM INFORMATION_SCHEMA.TRANSACTION_LOG;
FILE_NAME	FILE_LENGTH	NUM_LOG_ENTRIES	NUM_TRANSACTIONS	MIN_TRANSACTION_ID	MAX_TRANSACTION_ID	MIN_END_TIMESTAMP	MAX_END_TIMESTAMP
transaction.log	454	4	4	0	4	X	X
SELECT * FROM INFORMATION_SCHEMA.TRANSACTION_LOG_ENTRIES;
ENTRY_OFFSET	ENTRY_TYPE	ENTRY_LENGTH
0	TRANSACTION	85
85	TRANSACTION	127
212	TRANSACTION	121
333	TRANSACTION	121
SELECT * FROM INFORMATION_SCHEMA.TRANSACTION_LOG_TRANSACTIONS;
ENTRY_OFFSET	TRANSACTION_ID	SERVER_ID	START_TIMESTAMP	END_TIMESTAMP	NUM_STATEMENTS	CHECKSUM
0	0	1	X	X	1	0
85	0	1	X	X	1	0
212	3	1	X	X	1	0
333	4	1	X	X	1	0
SET GLOBAL transaction_log_truncate_debug= true;
