select * from INFORMATION_SCHEMA.SCHEMATA;
CATALOG_NAME	SCHEMA_NAME	SCHEMA_OWNER	DEFAULT_CHARACTER_SET_CATALOG	DEFAULT_CHARACTER_SET_SCHEMA	DEFAULT_CHARACTER_SET_NAME
	data_dictionary	NULL	NULL	NULL	NULL
	information_schema	NULL	NULL	NULL	NULL
	mysql	NULL	NULL	NULL	NULL
	test	NULL	NULL	NULL	NULL
use information_schema;
show schemas;
Database
DATA_DICTIONARY
INFORMATION_SCHEMA
mysql
test
select * from INFORMATION_SCHEMA.SCHEMATA;
CATALOG_NAME	SCHEMA_NAME	SCHEMA_OWNER	DEFAULT_CHARACTER_SET_CATALOG	DEFAULT_CHARACTER_SET_SCHEMA	DEFAULT_CHARACTER_SET_NAME
	data_dictionary	NULL	NULL	NULL	NULL
	information_schema	NULL	NULL	NULL	NULL
	mysql	NULL	NULL	NULL	NULL
	test	NULL	NULL	NULL	NULL
select * from INFORMATION_SCHEMA.SCHEMATA WHERE CATALOG_NAME=NULL;
CATALOG_NAME	SCHEMA_NAME	SCHEMA_OWNER	DEFAULT_CHARACTER_SET_CATALOG	DEFAULT_CHARACTER_SET_SCHEMA	DEFAULT_CHARACTER_SET_NAME
select * from INFORMATION_SCHEMA.SCHEMATA WHERE SCHEMA_OWNER=NULL;
CATALOG_NAME	SCHEMA_NAME	SCHEMA_OWNER	DEFAULT_CHARACTER_SET_CATALOG	DEFAULT_CHARACTER_SET_SCHEMA	DEFAULT_CHARACTER_SET_NAME
select * from INFORMATION_SCHEMA.SCHEMATA WHERE DEFAULT_CHARACTER_SET_CATALOG=NULL;
CATALOG_NAME	SCHEMA_NAME	SCHEMA_OWNER	DEFAULT_CHARACTER_SET_CATALOG	DEFAULT_CHARACTER_SET_SCHEMA	DEFAULT_CHARACTER_SET_NAME
select * from INFORMATION_SCHEMA.SCHEMATA WHERE DEFAULT_CHARACTER_SET_SCHEMA=NULL;
CATALOG_NAME	SCHEMA_NAME	SCHEMA_OWNER	DEFAULT_CHARACTER_SET_CATALOG	DEFAULT_CHARACTER_SET_SCHEMA	DEFAULT_CHARACTER_SET_NAME
select * from INFORMATION_SCHEMA.SCHEMATA WHERE DEFAULT_CHARACTER_SET_NAME=NULL;
CATALOG_NAME	SCHEMA_NAME	SCHEMA_OWNER	DEFAULT_CHARACTER_SET_CATALOG	DEFAULT_CHARACTER_SET_SCHEMA	DEFAULT_CHARACTER_SET_NAME
select * from INFORMATION_SCHEMA.SCHEMATA WHERE SCHEMA_NAME="data_dictionary";
CATALOG_NAME	SCHEMA_NAME	SCHEMA_OWNER	DEFAULT_CHARACTER_SET_CATALOG	DEFAULT_CHARACTER_SET_SCHEMA	DEFAULT_CHARACTER_SET_NAME
	data_dictionary	NULL	NULL	NULL	NULL
select * from INFORMATION_SCHEMA.SCHEMATA WHERE SCHEMA_NAME="information_schema";
CATALOG_NAME	SCHEMA_NAME	SCHEMA_OWNER	DEFAULT_CHARACTER_SET_CATALOG	DEFAULT_CHARACTER_SET_SCHEMA	DEFAULT_CHARACTER_SET_NAME
	information_schema	NULL	NULL	NULL	NULL
select * from INFORMATION_SCHEMA.SCHEMATA ORDER BY SCHEMA_NAME;
CATALOG_NAME	SCHEMA_NAME	SCHEMA_OWNER	DEFAULT_CHARACTER_SET_CATALOG	DEFAULT_CHARACTER_SET_SCHEMA	DEFAULT_CHARACTER_SET_NAME
	data_dictionary	NULL	NULL	NULL	NULL
	information_schema	NULL	NULL	NULL	NULL
	mysql	NULL	NULL	NULL	NULL
	test	NULL	NULL	NULL	NULL
select * from INFORMATION_SCHEMA.SCHEMATA ORDER BY SCHEMA_NAME,CATALOG_NAME;
CATALOG_NAME	SCHEMA_NAME	SCHEMA_OWNER	DEFAULT_CHARACTER_SET_CATALOG	DEFAULT_CHARACTER_SET_SCHEMA	DEFAULT_CHARACTER_SET_NAME
	data_dictionary	NULL	NULL	NULL	NULL
	information_schema	NULL	NULL	NULL	NULL
	mysql	NULL	NULL	NULL	NULL
	test	NULL	NULL	NULL	NULL
select * from INFORMATION_SCHEMA.SCHEMATA ORDER BY CATALOG_NAME,SCHEMA_NAME;
CATALOG_NAME	SCHEMA_NAME	SCHEMA_OWNER	DEFAULT_CHARACTER_SET_CATALOG	DEFAULT_CHARACTER_SET_SCHEMA	DEFAULT_CHARACTER_SET_NAME
	data_dictionary	NULL	NULL	NULL	NULL
	information_schema	NULL	NULL	NULL	NULL
	mysql	NULL	NULL	NULL	NULL
	test	NULL	NULL	NULL	NULL
create schema a;
create schema b;
create schema c;
create schema d;
create schema ds;
create schema aa;
SELECT * FROM INFORMATION_SCHEMA.SCHEMATA WHERE SCHEMA_NAME="a";
CATALOG_NAME	SCHEMA_NAME	SCHEMA_OWNER	DEFAULT_CHARACTER_SET_CATALOG	DEFAULT_CHARACTER_SET_SCHEMA	DEFAULT_CHARACTER_SET_NAME
	a	NULL	NULL	NULL	NULL
SELECT * FROM INFORMATION_SCHEMA.SCHEMATA WHERE SCHEMA_NAME like "a%";
CATALOG_NAME	SCHEMA_NAME	SCHEMA_OWNER	DEFAULT_CHARACTER_SET_CATALOG	DEFAULT_CHARACTER_SET_SCHEMA	DEFAULT_CHARACTER_SET_NAME
	a	NULL	NULL	NULL	NULL
	aa	NULL	NULL	NULL	NULL
SELECT * FROM INFORMATION_SCHEMA.SCHEMATA WHERE SCHEMA_NAME like "%a";
CATALOG_NAME	SCHEMA_NAME	SCHEMA_OWNER	DEFAULT_CHARACTER_SET_CATALOG	DEFAULT_CHARACTER_SET_SCHEMA	DEFAULT_CHARACTER_SET_NAME
	a	NULL	NULL	NULL	NULL
	aa	NULL	NULL	NULL	NULL
	information_schema	NULL	NULL	NULL	NULL
SELECT * FROM INFORMATION_SCHEMA.SCHEMATA WHERE SCHEMA_NAME like "%s";
CATALOG_NAME	SCHEMA_NAME	SCHEMA_OWNER	DEFAULT_CHARACTER_SET_CATALOG	DEFAULT_CHARACTER_SET_SCHEMA	DEFAULT_CHARACTER_SET_NAME
	ds	NULL	NULL	NULL	NULL
SELECT * FROM INFORMATION_SCHEMA.SCHEMATA;
CATALOG_NAME	SCHEMA_NAME	SCHEMA_OWNER	DEFAULT_CHARACTER_SET_CATALOG	DEFAULT_CHARACTER_SET_SCHEMA	DEFAULT_CHARACTER_SET_NAME
	a	NULL	NULL	NULL	NULL
	aa	NULL	NULL	NULL	NULL
	b	NULL	NULL	NULL	NULL
	c	NULL	NULL	NULL	NULL
	d	NULL	NULL	NULL	NULL
	data_dictionary	NULL	NULL	NULL	NULL
	ds	NULL	NULL	NULL	NULL
	information_schema	NULL	NULL	NULL	NULL
	mysql	NULL	NULL	NULL	NULL
	test	NULL	NULL	NULL	NULL
SELECT * FROM INFORMATION_SCHEMA.SCHEMATA ORDER BY SCHEMA_NAME;
CATALOG_NAME	SCHEMA_NAME	SCHEMA_OWNER	DEFAULT_CHARACTER_SET_CATALOG	DEFAULT_CHARACTER_SET_SCHEMA	DEFAULT_CHARACTER_SET_NAME
	a	NULL	NULL	NULL	NULL
	aa	NULL	NULL	NULL	NULL
	b	NULL	NULL	NULL	NULL
	c	NULL	NULL	NULL	NULL
	d	NULL	NULL	NULL	NULL
	data_dictionary	NULL	NULL	NULL	NULL
	ds	NULL	NULL	NULL	NULL
	information_schema	NULL	NULL	NULL	NULL
	mysql	NULL	NULL	NULL	NULL
	test	NULL	NULL	NULL	NULL
drop schema a;
drop schema b;
drop schema c;
drop schema d;
drop schema ds;
drop schema aa;
