DROP TABLE IF EXISTS t1;
CREATE TABLE t1 (
id INT NOT NULL
, padding VARCHAR(200) NOT NULL
);
INSERT INTO t1 VALUES (1, "I love testing.");
INSERT INTO t1 VALUES (2, "I hate testing.");
SELECT * FROM t1;
id	padding
1	I love testing.
2	I hate testing.
TRUNCATE TABLE t1;
SELECT * FROM t1;
id	padding
