SELECT get_lock("foo");
get_lock("foo")
1
SELECT release_lock("foo");
release_lock("foo")
1
SELECT get_lock("foo", 1);
get_lock("foo", 1)
1
SELECT release_lock("foo");
release_lock("foo")
1
SELECT get_lock("foo", 1, 100);
get_lock("foo", 1, 100)
1
SELECT release_lock("foo");
release_lock("foo")
1
set @lock_name= "new_name";
SELECT get_lock(@lock_name);
get_lock(@lock_name)
1
SELECT is_used_lock(@lock_name);
is_used_lock(@lock_name)
1
SELECT release_lock(@lock_name);
release_lock(@lock_name)
1
