SELECT GET_LOCK("mine");
GET_LOCK("mine")
1
SELECT USER_NAME, USER_LOCK_NAME FROM DATA_DICTIONARY.USER_LOCKS ORDER BY USER_LOCK_NAME, USER_NAME;
USER_NAME	USER_LOCK_NAME
root	mine
CREATE TABLE lock_state (a int);
EXECUTE "INSERT INTO lock_state SELECT GET_LOCK(\"mine\", 20)" CONCURRENT;
SELECT RELEASE_LOCK(@LOCK);
RELEASE_LOCK(@LOCK)
NULL
DROP TABLE lock_state;
