show create table data_dictionary.innodb_table_definitions;
Table	Create Table
innodb_table_definitions	CREATE TABLE `innodb_table_definitions` (
  `table_name` VARBINARY(192),
  `message` BLOB,
  PRIMARY KEY (`table_name`) USING BTREE
) ENGINE=InnoDB COLLATE = binary
select * from data_dictionary.innodb_table_definitions;
table_name	message
use data_dictionary;
show tables like 'innodb%';
Tables_in_data_dictionary (innodb%)
INNODB_CONFIGURATION
INNODB_STATUS
innodb_table_definitions
use test;
create table t1 (a int primary key);
select table_name from data_dictionary.innodb_table_definitions;
table_name
test/t1
drop table t1;
select count(table_name) from data_dictionary.innodb_table_definitions;
count(table_name)
0
