DROP TABLE IF EXISTS t1;
DROP TABLE IF EXISTS t2;
CREATE TABLE t1 (
id INT NOT NULL PRIMARY KEY
, padding VARCHAR(200) NOT NULL
);
INSERT INTO t1 VALUES (1, "I love testing.");
INSERT INTO t1 VALUES (2, "I hate testing.");
CREATE TABLE t2 (
id INT NOT NULL PRIMARY KEY
, padding VARCHAR(200) NOT NULL
) SELECT * FROM t1;
DROP TABLE t1, t2;
START TRANSACTION;
DROP TABLE IF EXISTS `t1`;
COMMIT;
START TRANSACTION;
DROP TABLE IF EXISTS `t2`;
COMMIT;
START TRANSACTION;
CREATE TABLE t1 ( id INT NOT NULL PRIMARY KEY , padding VARCHAR(200) NOT NULL );
COMMIT;
START TRANSACTION;
INSERT INTO `test`.`t1` (`id`,`padding`) VALUES (1,'I love testing.');
COMMIT;
START TRANSACTION;
INSERT INTO `test`.`t1` (`id`,`padding`) VALUES (2,'I hate testing.');
COMMIT;
START TRANSACTION;
CREATE TABLE t2 ( id INT NOT NULL PRIMARY KEY , padding VARCHAR(200) NOT NULL ) SELECT * FROM t1;
COMMIT;
START TRANSACTION;
DROP TABLE `t1`;
COMMIT;
START TRANSACTION;
DROP TABLE `t2`;
COMMIT;
SET GLOBAL transaction_log_truncate_debug= true;
