Testing RENAME table - positive 
DROP TABLE IF EXISTS t1, t1_new_name;
CREATE TABLE t1(a INT NOT NULL, b INT NOT NULL, PRIMARY KEY(a), KEY b_key1 (b));
ALTER TABLE t1 RENAME TO t1_new_name;
# check transaction_log
SELECT * FROM DATA_DICTIONARY.TRANSACTION_LOG;
FILE_NAME	FILE_LENGTH	NUM_LOG_ENTRIES	NUM_TRANSACTIONS	MIN_TRANSACTION_ID	MAX_TRANSACTION_ID	MIN_END_TIMESTAMP	MAX_END_TIMESTAMP	INDEX_SIZE_IN_BYTES
transaction.log	492	4	4	1	4	START_TIMESTAMP	END_TIMESTAMP	INDEX_SIZE

Check transaction_log_entries
SELECT * FROM DATA_DICTIONARY.TRANSACTION_LOG_ENTRIES;
ENTRY_OFFSET	ENTRY_TYPE	ENTRY_LENGTH
0	TRANSACTION	75
75	TRANSACTION	84
159	TRANSACTION	237
396	TRANSACTION	96

Check transaction_log_transactions
SELECT * FROM DATA_DICTIONARY.TRANSACTION_LOG_TRANSACTIONS;
ENTRY_OFFSET	TRANSACTION_ID	SERVER_ID	START_TIMESTAMP	END_TIMESTAMP	NUM_STATEMENTS	CHECKSUM
0	1	1	START_TIMESTAMP	END_TIMESTAMP	1	0
75	2	1	START_TIMESTAMP	END_TIMESTAMP	1	0
159	3	1	START_TIMESTAMP	END_TIMESTAMP	1	0
396	4	1	START_TIMESTAMP	END_TIMESTAMP	1	0
Check transaction log contents
SELECT PRINT_TRANSACTION_MESSAGE('transaction.log',(select max(entry_offset) from DATA_DICTIONARY.TRANSACTION_LOG_TRANSACTIONS));
PRINT_TRANSACTION_MESSAGE('transaction.log',(select max(entry_offset) from DATA_DICTIONARY.TRANSACTION_LOG_TRANSACTIONS))
transaction_context {
  server_id: 1
  transaction_id: 4
  START_TIMESTAMP
  END_TIMESTAMP
}
statement {
  type: RAW_SQL
  START_TIMESTAMP
  END_TIMESTAMP
  sql: "ALTER TABLE t1 RENAME TO t1_new_name"
}



DROP TABLE t1_new_name;
SET GLOBAL transaction_log_truncate_debug= true;

Testing RENAME table - negative 
DROP TABLE IF EXISTS t1, t2;
CREATE TABLE t1(a INT NOT NULL, b INT NOT NULL, PRIMARY KEY(a), KEY b_key1 (b));
CREATE TABLE t2 LIKE t1;
ALTER TABLE t1 RENAME TO t2;
ERROR 42S01: Table 'test.t2' already exists
# check transaction_log
SELECT * FROM DATA_DICTIONARY.TRANSACTION_LOG;
FILE_NAME	FILE_LENGTH	NUM_LOG_ENTRIES	NUM_TRANSACTIONS	MIN_TRANSACTION_ID	MAX_TRANSACTION_ID	MIN_END_TIMESTAMP	MAX_END_TIMESTAMP	INDEX_SIZE_IN_BYTES
transaction.log	626	4	4	1	4	START_TIMESTAMP	END_TIMESTAMP	INDEX_SIZE

Check transaction_log_entries
SELECT * FROM DATA_DICTIONARY.TRANSACTION_LOG_ENTRIES;
ENTRY_OFFSET	ENTRY_TYPE	ENTRY_LENGTH
0	TRANSACTION	75
75	TRANSACTION	75
150	TRANSACTION	237
387	TRANSACTION	239

Check transaction_log_transactions
SELECT * FROM DATA_DICTIONARY.TRANSACTION_LOG_TRANSACTIONS;
ENTRY_OFFSET	TRANSACTION_ID	SERVER_ID	START_TIMESTAMP	END_TIMESTAMP	NUM_STATEMENTS	CHECKSUM
0	1	1	START_TIMESTAMP	END_TIMESTAMP	1	0
75	2	1	START_TIMESTAMP	END_TIMESTAMP	1	0
150	3	1	START_TIMESTAMP	END_TIMESTAMP	1	0
387	4	1	START_TIMESTAMP	END_TIMESTAMP	1	0
Check transaction log contents
SELECT PRINT_TRANSACTION_MESSAGE('transaction.log',(select max(entry_offset) from DATA_DICTIONARY.TRANSACTION_LOG_TRANSACTIONS));
PRINT_TRANSACTION_MESSAGE('transaction.log',(select max(entry_offset) from DATA_DICTIONARY.TRANSACTION_LOG_TRANSACTIONS))
transaction_context {
  server_id: 1
  transaction_id: 4
  START_TIMESTAMP
  END_TIMESTAMP
}
statement {
  type: CREATE_TABLE
  START_TIMESTAMP
  END_TIMESTAMP
  create_table_statement {
    table {
      name: "t2"
      engine {
        name: "InnoDB"
      }
      field {
        name: "a"
        type: INTEGER
        constraints {
          is_nullable: false
        }
      }
      field {
        name: "b"
        type: INTEGER
        constraints {
          is_nullable: false
        }
      }
      indexes {
        name: "PRIMARY"
        is_primary: true
        is_unique: true
        type: UNKNOWN_INDEX
        key_length: 4
        index_part {
          fieldnr: 0
          compare_length: 4
        }
        options {
        }
      }
      indexes {
        name: "b_key1"
        is_primary: false
        is_unique: false
        type: UNKNOWN_INDEX
        key_length: 4
        index_part {
          fieldnr: 1
          compare_length: 4
        }
        options {
        }
      }
      type: STANDARD
      schema: "test"
      options {
        has_user_set_auto_increment_value: false
        collation: "utf8_general_ci"
        collation_id: 45
      }
      CREATE_TIMESTAMP
      UPDATE_TIMESTAMP
      catalog: ""
      
      version: 1
    }
  }
}



DROP TABLE t1, t2;
SET GLOBAL transaction_log_truncate_debug= true;

Testing RENAME table - negative
DROP TABLE IF EXISTS t1, t2;
CREATE TABLE t1(a INT NOT NULL, b INT NOT NULL, PRIMARY KEY(a), KEY b_key1 (b));
CREATE TABLE t2 LIKE t1;
ALTER TABLE t1 RENAME TO t2;
ERROR 42S01: Table 'test.t2' already exists
# check transaction_log
SELECT * FROM DATA_DICTIONARY.TRANSACTION_LOG;
FILE_NAME	FILE_LENGTH	NUM_LOG_ENTRIES	NUM_TRANSACTIONS	MIN_TRANSACTION_ID	MAX_TRANSACTION_ID	MIN_END_TIMESTAMP	MAX_END_TIMESTAMP	INDEX_SIZE_IN_BYTES
transaction.log	626	4	4	1	4	START_TIMESTAMP	END_TIMESTAMP	INDEX_SIZE

Check transaction_log_entries
SELECT * FROM DATA_DICTIONARY.TRANSACTION_LOG_ENTRIES;
ENTRY_OFFSET	ENTRY_TYPE	ENTRY_LENGTH
0	TRANSACTION	75
75	TRANSACTION	75
150	TRANSACTION	237
387	TRANSACTION	239

Check transaction_log_transactions
SELECT * FROM DATA_DICTIONARY.TRANSACTION_LOG_TRANSACTIONS;
ENTRY_OFFSET	TRANSACTION_ID	SERVER_ID	START_TIMESTAMP	END_TIMESTAMP	NUM_STATEMENTS	CHECKSUM
0	1	1	START_TIMESTAMP	END_TIMESTAMP	1	0
75	2	1	START_TIMESTAMP	END_TIMESTAMP	1	0
150	3	1	START_TIMESTAMP	END_TIMESTAMP	1	0
387	4	1	START_TIMESTAMP	END_TIMESTAMP	1	0
Check transaction log contents
SELECT PRINT_TRANSACTION_MESSAGE('transaction.log',(select max(entry_offset) from DATA_DICTIONARY.TRANSACTION_LOG_TRANSACTIONS));
PRINT_TRANSACTION_MESSAGE('transaction.log',(select max(entry_offset) from DATA_DICTIONARY.TRANSACTION_LOG_TRANSACTIONS))
transaction_context {
  server_id: 1
  transaction_id: 4
  START_TIMESTAMP
  END_TIMESTAMP
}
statement {
  type: CREATE_TABLE
  START_TIMESTAMP
  END_TIMESTAMP
  create_table_statement {
    table {
      name: "t2"
      engine {
        name: "InnoDB"
      }
      field {
        name: "a"
        type: INTEGER
        constraints {
          is_nullable: false
        }
      }
      field {
        name: "b"
        type: INTEGER
        constraints {
          is_nullable: false
        }
      }
      indexes {
        name: "PRIMARY"
        is_primary: true
        is_unique: true
        type: UNKNOWN_INDEX
        key_length: 4
        index_part {
          fieldnr: 0
          compare_length: 4
        }
        options {
        }
      }
      indexes {
        name: "b_key1"
        is_primary: false
        is_unique: false
        type: UNKNOWN_INDEX
        key_length: 4
        index_part {
          fieldnr: 1
          compare_length: 4
        }
        options {
        }
      }
      type: STANDARD
      schema: "test"
      options {
        has_user_set_auto_increment_value: false
        collation: "utf8_general_ci"
        collation_id: 45
      }
      CREATE_TIMESTAMP
      UPDATE_TIMESTAMP
      catalog: ""
      
      version: 1
    }
  }
}



DROP TABLE t1, t2;
SET GLOBAL transaction_log_truncate_debug= true;

Testing RENAME Table with Foreign Key constraints 
DROP TABLE IF EXISTS t1, t2, t1_new_name ;
CREATE TABLE t1(a INT NOT NULL, b INT NOT NULL, PRIMARY KEY(a), KEY b_key1 (b));
CREATE TABLE t2(a INT NOT NULL, b INT , PRIMARY KEY(a), KEY b_key (b), 
CONSTRAINT fk_constraint_t2 FOREIGN KEY (b) REFERENCES t1(b) ON DELETE SET NULL ON UPDATE CASCADE);
ALTER TABLE t1 RENAME to t1_new_name;
# check transaction_log
SELECT * FROM DATA_DICTIONARY.TRANSACTION_LOG;
FILE_NAME	FILE_LENGTH	NUM_LOG_ENTRIES	NUM_TRANSACTIONS	MIN_TRANSACTION_ID	MAX_TRANSACTION_ID	MIN_END_TIMESTAMP	MAX_END_TIMESTAMP	INDEX_SIZE_IN_BYTES
transaction.log	841	6	6	1	6	START_TIMESTAMP	END_TIMESTAMP	INDEX_SIZE

Check transaction_log_entries
SELECT * FROM DATA_DICTIONARY.TRANSACTION_LOG_ENTRIES;
ENTRY_OFFSET	ENTRY_TYPE	ENTRY_LENGTH
0	TRANSACTION	75
75	TRANSACTION	75
150	TRANSACTION	84
234	TRANSACTION	237
471	TRANSACTION	274
745	TRANSACTION	96

Check transaction_log_transactions
SELECT * FROM DATA_DICTIONARY.TRANSACTION_LOG_TRANSACTIONS;
ENTRY_OFFSET	TRANSACTION_ID	SERVER_ID	START_TIMESTAMP	END_TIMESTAMP	NUM_STATEMENTS	CHECKSUM
0	1	1	START_TIMESTAMP	END_TIMESTAMP	1	0
75	2	1	START_TIMESTAMP	END_TIMESTAMP	1	0
150	3	1	START_TIMESTAMP	END_TIMESTAMP	1	0
234	4	1	START_TIMESTAMP	END_TIMESTAMP	1	0
471	5	1	START_TIMESTAMP	END_TIMESTAMP	1	0
745	6	1	START_TIMESTAMP	END_TIMESTAMP	1	0
Check transaction log contents
SELECT PRINT_TRANSACTION_MESSAGE('transaction.log',(select max(entry_offset) from DATA_DICTIONARY.TRANSACTION_LOG_TRANSACTIONS));
PRINT_TRANSACTION_MESSAGE('transaction.log',(select max(entry_offset) from DATA_DICTIONARY.TRANSACTION_LOG_TRANSACTIONS))
transaction_context {
  server_id: 1
  transaction_id: 6
  START_TIMESTAMP
  END_TIMESTAMP
}
statement {
  type: RAW_SQL
  START_TIMESTAMP
  END_TIMESTAMP
  sql: "ALTER TABLE t1 RENAME to t1_new_name"
}



SHOW CREATE TABLE t2;
Table	Create Table
t2	CREATE TABLE `t2` (
  `a` INT NOT NULL,
  `b` INT DEFAULT NULL,
  PRIMARY KEY (`a`),
  KEY `b_key` (`b`),
  CONSTRAINT `fk_constraint_t2` FOREIGN KEY (`b`) REFERENCES `t1` (`b`) ON UPDATE CASCADE ON DELETE SET NULL
) ENGINE=InnoDB COLLATE = utf8_general_ci
DROP TABLE t2, t1_new_name;
SET GLOBAL transaction_log_truncate_debug= true;

Testing ADD COLUMN simple 
DROP TABLE IF EXISTS t1 ;
CREATE TABLE t1(a INT NOT NULL, b INT NOT NULL, PRIMARY KEY(a));
ALTER TABLE t1 ADD COLUMN c CHAR(100) NOT NULL;
# check transaction_log
SELECT * FROM DATA_DICTIONARY.TRANSACTION_LOG;
FILE_NAME	FILE_LENGTH	NUM_LOG_ENTRIES	NUM_TRANSACTIONS	MIN_TRANSACTION_ID	MAX_TRANSACTION_ID	MIN_END_TIMESTAMP	MAX_END_TIMESTAMP	INDEX_SIZE_IN_BYTES
transaction.log	392	3	3	1	3	START_TIMESTAMP	END_TIMESTAMP	INDEX_SIZE

Check transaction_log_entries
SELECT * FROM DATA_DICTIONARY.TRANSACTION_LOG_ENTRIES;
ENTRY_OFFSET	ENTRY_TYPE	ENTRY_LENGTH
0	TRANSACTION	75
75	TRANSACTION	211
286	TRANSACTION	106

Check transaction_log_transactions
SELECT * FROM DATA_DICTIONARY.TRANSACTION_LOG_TRANSACTIONS;
ENTRY_OFFSET	TRANSACTION_ID	SERVER_ID	START_TIMESTAMP	END_TIMESTAMP	NUM_STATEMENTS	CHECKSUM
0	1	1	START_TIMESTAMP	END_TIMESTAMP	1	0
75	2	1	START_TIMESTAMP	END_TIMESTAMP	1	0
286	3	1	START_TIMESTAMP	END_TIMESTAMP	1	0
Check transaction log contents
SELECT PRINT_TRANSACTION_MESSAGE('transaction.log',(select max(entry_offset) from DATA_DICTIONARY.TRANSACTION_LOG_TRANSACTIONS));
PRINT_TRANSACTION_MESSAGE('transaction.log',(select max(entry_offset) from DATA_DICTIONARY.TRANSACTION_LOG_TRANSACTIONS))
transaction_context {
  server_id: 1
  transaction_id: 3
  START_TIMESTAMP
  END_TIMESTAMP
}
statement {
  type: RAW_SQL
  START_TIMESTAMP
  END_TIMESTAMP
  sql: "ALTER TABLE t1 ADD COLUMN c CHAR(100) NOT NULL"
}



DROP TABLE t1;
SET GLOBAL transaction_log_truncate_debug= true;

Testing ADD COLUMN simple negative
DROP TABLE IF EXISTS t1 ;
CREATE TABLE t1(a INT NOT NULL, b INT NOT NULL, PRIMARY KEY(a));
ALTER TABLE t1 ADD COLUMN b CHAR(100) NOT NULL;
ERROR 42S21: Duplicate column name 'b'
# check transaction_log
SELECT * FROM DATA_DICTIONARY.TRANSACTION_LOG;
FILE_NAME	FILE_LENGTH	NUM_LOG_ENTRIES	NUM_TRANSACTIONS	MIN_TRANSACTION_ID	MAX_TRANSACTION_ID	MIN_END_TIMESTAMP	MAX_END_TIMESTAMP	INDEX_SIZE_IN_BYTES
transaction.log	286	2	2	1	2	START_TIMESTAMP	END_TIMESTAMP	INDEX_SIZE

Check transaction_log_entries
SELECT * FROM DATA_DICTIONARY.TRANSACTION_LOG_ENTRIES;
ENTRY_OFFSET	ENTRY_TYPE	ENTRY_LENGTH
0	TRANSACTION	75
75	TRANSACTION	211

Check transaction_log_transactions
SELECT * FROM DATA_DICTIONARY.TRANSACTION_LOG_TRANSACTIONS;
ENTRY_OFFSET	TRANSACTION_ID	SERVER_ID	START_TIMESTAMP	END_TIMESTAMP	NUM_STATEMENTS	CHECKSUM
0	1	1	START_TIMESTAMP	END_TIMESTAMP	1	0
75	2	1	START_TIMESTAMP	END_TIMESTAMP	1	0
Check transaction log contents
SELECT PRINT_TRANSACTION_MESSAGE('transaction.log',(select max(entry_offset) from DATA_DICTIONARY.TRANSACTION_LOG_TRANSACTIONS));
PRINT_TRANSACTION_MESSAGE('transaction.log',(select max(entry_offset) from DATA_DICTIONARY.TRANSACTION_LOG_TRANSACTIONS))
transaction_context {
  server_id: 1
  transaction_id: 2
  START_TIMESTAMP
  END_TIMESTAMP
}
statement {
  type: CREATE_TABLE
  START_TIMESTAMP
  END_TIMESTAMP
  create_table_statement {
    table {
      name: "t1"
      engine {
        name: "InnoDB"
      }
      field {
        name: "a"
        type: INTEGER
        constraints {
          is_nullable: false
        }
      }
      field {
        name: "b"
        type: INTEGER
        constraints {
          is_nullable: false
        }
      }
      indexes {
        name: "PRIMARY"
        is_primary: true
        is_unique: true
        type: UNKNOWN_INDEX
        key_length: 4
        index_part {
          fieldnr: 0
          compare_length: 4
        }
        options {
        }
      }
      type: STANDARD
      schema: "test"
      options {
        has_user_set_auto_increment_value: false
        collation: "utf8_general_ci"
        collation_id: 45
      }
      CREATE_TIMESTAMP
      UPDATE_TIMESTAMP
      
      version: 1
    }
  }
}



DROP TABLE t1;
SET GLOBAL transaction_log_truncate_debug= true;

Testing ADD COLUMN AFTER <col_name>
DROP TABLE IF EXISTS t1 ;
CREATE TABLE t1(a INT NOT NULL, b INT NOT NULL, PRIMARY KEY(a));
ALTER TABLE t1 ADD COLUMN c CHAR(100) NOT NULL AFTER a;
# check transaction_log
SELECT * FROM DATA_DICTIONARY.TRANSACTION_LOG;
FILE_NAME	FILE_LENGTH	NUM_LOG_ENTRIES	NUM_TRANSACTIONS	MIN_TRANSACTION_ID	MAX_TRANSACTION_ID	MIN_END_TIMESTAMP	MAX_END_TIMESTAMP	INDEX_SIZE_IN_BYTES
transaction.log	400	3	3	1	3	START_TIMESTAMP	END_TIMESTAMP	INDEX_SIZE

Check transaction_log_entries
SELECT * FROM DATA_DICTIONARY.TRANSACTION_LOG_ENTRIES;
ENTRY_OFFSET	ENTRY_TYPE	ENTRY_LENGTH
0	TRANSACTION	75
75	TRANSACTION	211
286	TRANSACTION	114

Check transaction_log_transactions
SELECT * FROM DATA_DICTIONARY.TRANSACTION_LOG_TRANSACTIONS;
ENTRY_OFFSET	TRANSACTION_ID	SERVER_ID	START_TIMESTAMP	END_TIMESTAMP	NUM_STATEMENTS	CHECKSUM
0	1	1	START_TIMESTAMP	END_TIMESTAMP	1	0
75	2	1	START_TIMESTAMP	END_TIMESTAMP	1	0
286	3	1	START_TIMESTAMP	END_TIMESTAMP	1	0
Check transaction log contents
SELECT PRINT_TRANSACTION_MESSAGE('transaction.log',(select max(entry_offset) from DATA_DICTIONARY.TRANSACTION_LOG_TRANSACTIONS));
PRINT_TRANSACTION_MESSAGE('transaction.log',(select max(entry_offset) from DATA_DICTIONARY.TRANSACTION_LOG_TRANSACTIONS))
transaction_context {
  server_id: 1
  transaction_id: 3
  START_TIMESTAMP
  END_TIMESTAMP
}
statement {
  type: RAW_SQL
  START_TIMESTAMP
  END_TIMESTAMP
  sql: "ALTER TABLE t1 ADD COLUMN c CHAR(100) NOT NULL AFTER a"
}



DROP TABLE t1;
SET GLOBAL transaction_log_truncate_debug= true;

Testing ADD COLUMN FIRST 
DROP TABLE IF EXISTS t1 ;
CREATE TABLE t1(a INT NOT NULL, b INT NOT NULL, PRIMARY KEY(a));
ALTER TABLE t1 ADD COLUMN c CHAR(100) NOT NULL FIRST ;
# check transaction_log
SELECT * FROM DATA_DICTIONARY.TRANSACTION_LOG;
FILE_NAME	FILE_LENGTH	NUM_LOG_ENTRIES	NUM_TRANSACTIONS	MIN_TRANSACTION_ID	MAX_TRANSACTION_ID	MIN_END_TIMESTAMP	MAX_END_TIMESTAMP	INDEX_SIZE_IN_BYTES
transaction.log	398	3	3	1	3	START_TIMESTAMP	END_TIMESTAMP	INDEX_SIZE

Check transaction_log_entries
SELECT * FROM DATA_DICTIONARY.TRANSACTION_LOG_ENTRIES;
ENTRY_OFFSET	ENTRY_TYPE	ENTRY_LENGTH
0	TRANSACTION	75
75	TRANSACTION	211
286	TRANSACTION	112

Check transaction_log_transactions
SELECT * FROM DATA_DICTIONARY.TRANSACTION_LOG_TRANSACTIONS;
ENTRY_OFFSET	TRANSACTION_ID	SERVER_ID	START_TIMESTAMP	END_TIMESTAMP	NUM_STATEMENTS	CHECKSUM
0	1	1	START_TIMESTAMP	END_TIMESTAMP	1	0
75	2	1	START_TIMESTAMP	END_TIMESTAMP	1	0
286	3	1	START_TIMESTAMP	END_TIMESTAMP	1	0
Check transaction log contents
SELECT PRINT_TRANSACTION_MESSAGE('transaction.log',(select max(entry_offset) from DATA_DICTIONARY.TRANSACTION_LOG_TRANSACTIONS));
PRINT_TRANSACTION_MESSAGE('transaction.log',(select max(entry_offset) from DATA_DICTIONARY.TRANSACTION_LOG_TRANSACTIONS))
transaction_context {
  server_id: 1
  transaction_id: 3
  START_TIMESTAMP
  END_TIMESTAMP
}
statement {
  type: RAW_SQL
  START_TIMESTAMP
  END_TIMESTAMP
  sql: "ALTER TABLE t1 ADD COLUMN c CHAR(100) NOT NULL FIRST"
}



DROP TABLE t1;
SET GLOBAL transaction_log_truncate_debug= true;

Testing ADD COLUMN multiple columns 
DROP TABLE IF EXISTS t1 ;
CREATE TABLE t1(a INT NOT NULL, b INT NOT NULL, PRIMARY KEY(a));
ALTER TABLE t1 ADD COLUMN c CHAR(100) NOT NULL FIRST, ADD COLUMN d BLOB AFTER a ;
# check transaction_log
SELECT * FROM DATA_DICTIONARY.TRANSACTION_LOG;
FILE_NAME	FILE_LENGTH	NUM_LOG_ENTRIES	NUM_TRANSACTIONS	MIN_TRANSACTION_ID	MAX_TRANSACTION_ID	MIN_END_TIMESTAMP	MAX_END_TIMESTAMP	INDEX_SIZE_IN_BYTES
transaction.log	425	3	3	1	3	START_TIMESTAMP	END_TIMESTAMP	INDEX_SIZE

Check transaction_log_entries
SELECT * FROM DATA_DICTIONARY.TRANSACTION_LOG_ENTRIES;
ENTRY_OFFSET	ENTRY_TYPE	ENTRY_LENGTH
0	TRANSACTION	75
75	TRANSACTION	211
286	TRANSACTION	139

Check transaction_log_transactions
SELECT * FROM DATA_DICTIONARY.TRANSACTION_LOG_TRANSACTIONS;
ENTRY_OFFSET	TRANSACTION_ID	SERVER_ID	START_TIMESTAMP	END_TIMESTAMP	NUM_STATEMENTS	CHECKSUM
0	1	1	START_TIMESTAMP	END_TIMESTAMP	1	0
75	2	1	START_TIMESTAMP	END_TIMESTAMP	1	0
286	3	1	START_TIMESTAMP	END_TIMESTAMP	1	0
Check transaction log contents
SELECT PRINT_TRANSACTION_MESSAGE('transaction.log',(select max(entry_offset) from DATA_DICTIONARY.TRANSACTION_LOG_TRANSACTIONS));
PRINT_TRANSACTION_MESSAGE('transaction.log',(select max(entry_offset) from DATA_DICTIONARY.TRANSACTION_LOG_TRANSACTIONS))
transaction_context {
  server_id: 1
  transaction_id: 3
  START_TIMESTAMP
  END_TIMESTAMP
}
statement {
  type: RAW_SQL
  START_TIMESTAMP
  END_TIMESTAMP
  sql: "ALTER TABLE t1 ADD COLUMN c CHAR(100) NOT NULL FIRST, ADD COLUMN d BLOB AFTER a"
}



DROP TABLE t1;
SET GLOBAL transaction_log_truncate_debug= true;

Testing DROP COLUMN simple 
DROP TABLE IF EXISTS t1 ;
CREATE TABLE t1(a INT NOT NULL, b INT NOT NULL, PRIMARY KEY(a));
ALTER TABLE t1 DROP COLUMN b ;
# check transaction_log
SELECT * FROM DATA_DICTIONARY.TRANSACTION_LOG;
FILE_NAME	FILE_LENGTH	NUM_LOG_ENTRIES	NUM_TRANSACTIONS	MIN_TRANSACTION_ID	MAX_TRANSACTION_ID	MIN_END_TIMESTAMP	MAX_END_TIMESTAMP	INDEX_SIZE_IN_BYTES
transaction.log	374	3	3	1	3	START_TIMESTAMP	END_TIMESTAMP	INDEX_SIZE

Check transaction_log_entries
SELECT * FROM DATA_DICTIONARY.TRANSACTION_LOG_ENTRIES;
ENTRY_OFFSET	ENTRY_TYPE	ENTRY_LENGTH
0	TRANSACTION	75
75	TRANSACTION	211
286	TRANSACTION	88

Check transaction_log_transactions
SELECT * FROM DATA_DICTIONARY.TRANSACTION_LOG_TRANSACTIONS;
ENTRY_OFFSET	TRANSACTION_ID	SERVER_ID	START_TIMESTAMP	END_TIMESTAMP	NUM_STATEMENTS	CHECKSUM
0	1	1	START_TIMESTAMP	END_TIMESTAMP	1	0
75	2	1	START_TIMESTAMP	END_TIMESTAMP	1	0
286	3	1	START_TIMESTAMP	END_TIMESTAMP	1	0
Check transaction log contents
SELECT PRINT_TRANSACTION_MESSAGE('transaction.log',(select max(entry_offset) from DATA_DICTIONARY.TRANSACTION_LOG_TRANSACTIONS));
PRINT_TRANSACTION_MESSAGE('transaction.log',(select max(entry_offset) from DATA_DICTIONARY.TRANSACTION_LOG_TRANSACTIONS))
transaction_context {
  server_id: 1
  transaction_id: 3
  START_TIMESTAMP
  END_TIMESTAMP
}
statement {
  type: RAW_SQL
  START_TIMESTAMP
  END_TIMESTAMP
  sql: "ALTER TABLE t1 DROP COLUMN b"
}



DROP TABLE t1;
SET GLOBAL transaction_log_truncate_debug= true;

Testing DROP COLUMN multiple columns 
DROP TABLE IF EXISTS t1 ;
CREATE TABLE t1(a INT NOT NULL, b INT NOT NULL, c BLOB, d DATE, PRIMARY KEY(a));
ALTER TABLE t1 DROP COLUMN b, DROP COLUMN d ;
# check transaction_log
SELECT * FROM DATA_DICTIONARY.TRANSACTION_LOG;
FILE_NAME	FILE_LENGTH	NUM_LOG_ENTRIES	NUM_TRANSACTIONS	MIN_TRANSACTION_ID	MAX_TRANSACTION_ID	MIN_END_TIMESTAMP	MAX_END_TIMESTAMP	INDEX_SIZE_IN_BYTES
transaction.log	423	3	3	1	3	START_TIMESTAMP	END_TIMESTAMP	INDEX_SIZE

Check transaction_log_entries
SELECT * FROM DATA_DICTIONARY.TRANSACTION_LOG_ENTRIES;
ENTRY_OFFSET	ENTRY_TYPE	ENTRY_LENGTH
0	TRANSACTION	75
75	TRANSACTION	245
320	TRANSACTION	103

Check transaction_log_transactions
SELECT * FROM DATA_DICTIONARY.TRANSACTION_LOG_TRANSACTIONS;
ENTRY_OFFSET	TRANSACTION_ID	SERVER_ID	START_TIMESTAMP	END_TIMESTAMP	NUM_STATEMENTS	CHECKSUM
0	1	1	START_TIMESTAMP	END_TIMESTAMP	1	0
75	2	1	START_TIMESTAMP	END_TIMESTAMP	1	0
320	3	1	START_TIMESTAMP	END_TIMESTAMP	1	0
Check transaction log contents
SELECT PRINT_TRANSACTION_MESSAGE('transaction.log',(select max(entry_offset) from DATA_DICTIONARY.TRANSACTION_LOG_TRANSACTIONS));
PRINT_TRANSACTION_MESSAGE('transaction.log',(select max(entry_offset) from DATA_DICTIONARY.TRANSACTION_LOG_TRANSACTIONS))
transaction_context {
  server_id: 1
  transaction_id: 3
  START_TIMESTAMP
  END_TIMESTAMP
}
statement {
  type: RAW_SQL
  START_TIMESTAMP
  END_TIMESTAMP
  sql: "ALTER TABLE t1 DROP COLUMN b, DROP COLUMN d"
}



DROP TABLE t1;
SET GLOBAL transaction_log_truncate_debug= true;

Testing DROP COLUMN negative 
DROP TABLE IF EXISTS t1 ;
CREATE TABLE t1(a INT NOT NULL, b INT NOT NULL, PRIMARY KEY(a));
ALTER TABLE t1 DROP COLUMN a, DROP COLUMN b ;
ERROR 42000: You can't delete all columns with ALTER TABLE; use DROP TABLE instead
# check transaction_log
SELECT * FROM DATA_DICTIONARY.TRANSACTION_LOG;
FILE_NAME	FILE_LENGTH	NUM_LOG_ENTRIES	NUM_TRANSACTIONS	MIN_TRANSACTION_ID	MAX_TRANSACTION_ID	MIN_END_TIMESTAMP	MAX_END_TIMESTAMP	INDEX_SIZE_IN_BYTES
transaction.log	286	2	2	1	2	START_TIMESTAMP	END_TIMESTAMP	INDEX_SIZE

Check transaction_log_entries
SELECT * FROM DATA_DICTIONARY.TRANSACTION_LOG_ENTRIES;
ENTRY_OFFSET	ENTRY_TYPE	ENTRY_LENGTH
0	TRANSACTION	75
75	TRANSACTION	211

Check transaction_log_transactions
SELECT * FROM DATA_DICTIONARY.TRANSACTION_LOG_TRANSACTIONS;
ENTRY_OFFSET	TRANSACTION_ID	SERVER_ID	START_TIMESTAMP	END_TIMESTAMP	NUM_STATEMENTS	CHECKSUM
0	1	1	START_TIMESTAMP	END_TIMESTAMP	1	0
75	2	1	START_TIMESTAMP	END_TIMESTAMP	1	0
Check transaction log contents
SELECT PRINT_TRANSACTION_MESSAGE('transaction.log',(select max(entry_offset) from DATA_DICTIONARY.TRANSACTION_LOG_TRANSACTIONS));
PRINT_TRANSACTION_MESSAGE('transaction.log',(select max(entry_offset) from DATA_DICTIONARY.TRANSACTION_LOG_TRANSACTIONS))
transaction_context {
  server_id: 1
  transaction_id: 2
  START_TIMESTAMP
  END_TIMESTAMP
}
statement {
  type: CREATE_TABLE
  START_TIMESTAMP
  END_TIMESTAMP
  create_table_statement {
    table {
      name: "t1"
      engine {
        name: "InnoDB"
      }
      field {
        name: "a"
        type: INTEGER
        constraints {
          is_nullable: false
        }
      }
      field {
        name: "b"
        type: INTEGER
        constraints {
          is_nullable: false
        }
      }
      indexes {
        name: "PRIMARY"
        is_primary: true
        is_unique: true
        type: UNKNOWN_INDEX
        key_length: 4
        index_part {
          fieldnr: 0
          compare_length: 4
        }
        options {
        }
      }
      type: STANDARD
      schema: "test"
      options {
        has_user_set_auto_increment_value: false
        collation: "utf8_general_ci"
        collation_id: 45
      }
      CREATE_TIMESTAMP
      UPDATE_TIMESTAMP
      
      version: 1
    }
  }
}



DROP TABLE t1;
SET GLOBAL transaction_log_truncate_debug= true;

Testing DISABLE/ENABLE KEYS 
DROP TABLE IF EXISTS t1 ;
CREATE TABLE t1(a INT NOT NULL, b INT NOT NULL, PRIMARY KEY(a), KEY b_key (b,a));
ALTER TABLE t1 DISABLE KEYS ;
Warnings:
Note	1031	Table storage engine for 't1' doesn't have this option
# check transaction_log
SELECT * FROM DATA_DICTIONARY.TRANSACTION_LOG;
FILE_NAME	FILE_LENGTH	NUM_LOG_ENTRIES	NUM_TRANSACTIONS	MIN_TRANSACTION_ID	MAX_TRANSACTION_ID	MIN_END_TIMESTAMP	MAX_END_TIMESTAMP	INDEX_SIZE_IN_BYTES
transaction.log	404	3	3	1	3	START_TIMESTAMP	END_TIMESTAMP	INDEX_SIZE

Check transaction_log_entries
SELECT * FROM DATA_DICTIONARY.TRANSACTION_LOG_ENTRIES;
ENTRY_OFFSET	ENTRY_TYPE	ENTRY_LENGTH
0	TRANSACTION	75
75	TRANSACTION	242
317	TRANSACTION	87

Check transaction_log_transactions
SELECT * FROM DATA_DICTIONARY.TRANSACTION_LOG_TRANSACTIONS;
ENTRY_OFFSET	TRANSACTION_ID	SERVER_ID	START_TIMESTAMP	END_TIMESTAMP	NUM_STATEMENTS	CHECKSUM
0	1	1	START_TIMESTAMP	END_TIMESTAMP	1	0
75	2	1	START_TIMESTAMP	END_TIMESTAMP	1	0
317	3	1	START_TIMESTAMP	END_TIMESTAMP	1	0
Check transaction log contents
SELECT PRINT_TRANSACTION_MESSAGE('transaction.log',(select max(entry_offset) from DATA_DICTIONARY.TRANSACTION_LOG_TRANSACTIONS));
PRINT_TRANSACTION_MESSAGE('transaction.log',(select max(entry_offset) from DATA_DICTIONARY.TRANSACTION_LOG_TRANSACTIONS))
transaction_context {
  server_id: 1
  transaction_id: 3
  START_TIMESTAMP
  END_TIMESTAMP
}
statement {
  type: RAW_SQL
  START_TIMESTAMP
  END_TIMESTAMP
  sql: "ALTER TABLE t1 DISABLE KEYS"
}



ALTER TABLE t1 ENABLE KEYS ;
Warnings:
Note	1031	Table storage engine for 't1' doesn't have this option
# check transaction_log
SELECT * FROM DATA_DICTIONARY.TRANSACTION_LOG;
FILE_NAME	FILE_LENGTH	NUM_LOG_ENTRIES	NUM_TRANSACTIONS	MIN_TRANSACTION_ID	MAX_TRANSACTION_ID	MIN_END_TIMESTAMP	MAX_END_TIMESTAMP	INDEX_SIZE_IN_BYTES
transaction.log	490	4	4	1	4	START_TIMESTAMP	END_TIMESTAMP	INDEX_SIZE

Check transaction_log_entries
SELECT * FROM DATA_DICTIONARY.TRANSACTION_LOG_ENTRIES;
ENTRY_OFFSET	ENTRY_TYPE	ENTRY_LENGTH
0	TRANSACTION	75
75	TRANSACTION	242
317	TRANSACTION	87
404	TRANSACTION	86

Check transaction_log_transactions
SELECT * FROM DATA_DICTIONARY.TRANSACTION_LOG_TRANSACTIONS;
ENTRY_OFFSET	TRANSACTION_ID	SERVER_ID	START_TIMESTAMP	END_TIMESTAMP	NUM_STATEMENTS	CHECKSUM
0	1	1	START_TIMESTAMP	END_TIMESTAMP	1	0
75	2	1	START_TIMESTAMP	END_TIMESTAMP	1	0
317	3	1	START_TIMESTAMP	END_TIMESTAMP	1	0
404	4	1	START_TIMESTAMP	END_TIMESTAMP	1	0
Check transaction log contents
SELECT PRINT_TRANSACTION_MESSAGE('transaction.log',(select max(entry_offset) from DATA_DICTIONARY.TRANSACTION_LOG_TRANSACTIONS));
PRINT_TRANSACTION_MESSAGE('transaction.log',(select max(entry_offset) from DATA_DICTIONARY.TRANSACTION_LOG_TRANSACTIONS))
transaction_context {
  server_id: 1
  transaction_id: 4
  START_TIMESTAMP
  END_TIMESTAMP
}
statement {
  type: RAW_SQL
  START_TIMESTAMP
  END_TIMESTAMP
  sql: "ALTER TABLE t1 ENABLE KEYS"
}



DROP TABLE t1;
SET GLOBAL transaction_log_truncate_debug= true;

Testing ADD / DROP INDEX
DROP TABLE IF EXISTS t1 ;
CREATE TABLE t1(a INT NOT NULL, b INT NOT NULL, PRIMARY KEY(a));
ALTER TABLE t1 ADD INDEX b_key (b,a) ;
# check transaction_log
SELECT * FROM DATA_DICTIONARY.TRANSACTION_LOG;
FILE_NAME	FILE_LENGTH	NUM_LOG_ENTRIES	NUM_TRANSACTIONS	MIN_TRANSACTION_ID	MAX_TRANSACTION_ID	MIN_END_TIMESTAMP	MAX_END_TIMESTAMP	INDEX_SIZE_IN_BYTES
transaction.log	382	3	3	1	3	START_TIMESTAMP	END_TIMESTAMP	INDEX_SIZE

Check transaction_log_entries
SELECT * FROM DATA_DICTIONARY.TRANSACTION_LOG_ENTRIES;
ENTRY_OFFSET	ENTRY_TYPE	ENTRY_LENGTH
0	TRANSACTION	75
75	TRANSACTION	211
286	TRANSACTION	96

Check transaction_log_transactions
SELECT * FROM DATA_DICTIONARY.TRANSACTION_LOG_TRANSACTIONS;
ENTRY_OFFSET	TRANSACTION_ID	SERVER_ID	START_TIMESTAMP	END_TIMESTAMP	NUM_STATEMENTS	CHECKSUM
0	1	1	START_TIMESTAMP	END_TIMESTAMP	1	0
75	2	1	START_TIMESTAMP	END_TIMESTAMP	1	0
286	3	1	START_TIMESTAMP	END_TIMESTAMP	1	0
Check transaction log contents
SELECT PRINT_TRANSACTION_MESSAGE('transaction.log',(select max(entry_offset) from DATA_DICTIONARY.TRANSACTION_LOG_TRANSACTIONS));
PRINT_TRANSACTION_MESSAGE('transaction.log',(select max(entry_offset) from DATA_DICTIONARY.TRANSACTION_LOG_TRANSACTIONS))
transaction_context {
  server_id: 1
  transaction_id: 3
  START_TIMESTAMP
  END_TIMESTAMP
}
statement {
  type: RAW_SQL
  START_TIMESTAMP
  END_TIMESTAMP
  sql: "ALTER TABLE t1 ADD INDEX b_key (b,a)"
}



ALTER TABLE t1 DROP INDEX b_key;
# check transaction_log
SELECT * FROM DATA_DICTIONARY.TRANSACTION_LOG;
FILE_NAME	FILE_LENGTH	NUM_LOG_ENTRIES	NUM_TRANSACTIONS	MIN_TRANSACTION_ID	MAX_TRANSACTION_ID	MIN_END_TIMESTAMP	MAX_END_TIMESTAMP	INDEX_SIZE_IN_BYTES
transaction.log	473	4	4	1	4	START_TIMESTAMP	END_TIMESTAMP	INDEX_SIZE

Check transaction_log_entries
SELECT * FROM DATA_DICTIONARY.TRANSACTION_LOG_ENTRIES;
ENTRY_OFFSET	ENTRY_TYPE	ENTRY_LENGTH
0	TRANSACTION	75
75	TRANSACTION	211
286	TRANSACTION	96
382	TRANSACTION	91

Check transaction_log_transactions
SELECT * FROM DATA_DICTIONARY.TRANSACTION_LOG_TRANSACTIONS;
ENTRY_OFFSET	TRANSACTION_ID	SERVER_ID	START_TIMESTAMP	END_TIMESTAMP	NUM_STATEMENTS	CHECKSUM
0	1	1	START_TIMESTAMP	END_TIMESTAMP	1	0
75	2	1	START_TIMESTAMP	END_TIMESTAMP	1	0
286	3	1	START_TIMESTAMP	END_TIMESTAMP	1	0
382	4	1	START_TIMESTAMP	END_TIMESTAMP	1	0
Check transaction log contents
SELECT PRINT_TRANSACTION_MESSAGE('transaction.log',(select max(entry_offset) from DATA_DICTIONARY.TRANSACTION_LOG_TRANSACTIONS));
PRINT_TRANSACTION_MESSAGE('transaction.log',(select max(entry_offset) from DATA_DICTIONARY.TRANSACTION_LOG_TRANSACTIONS))
transaction_context {
  server_id: 1
  transaction_id: 4
  START_TIMESTAMP
  END_TIMESTAMP
}
statement {
  type: RAW_SQL
  START_TIMESTAMP
  END_TIMESTAMP
  sql: "ALTER TABLE t1 DROP INDEX b_key"
}



DROP TABLE t1;
SET GLOBAL transaction_log_truncate_debug= true;

Testing ADD / DROP INDEX2
DROP TABLE IF EXISTS t1 ;
CREATE TABLE t1(a INT NOT NULL, b CHAR(50) NOT NULL, PRIMARY KEY(a));
ALTER TABLE t1 ADD INDEX b_key (b(10),a) ;
# check transaction_log
SELECT * FROM DATA_DICTIONARY.TRANSACTION_LOG;
FILE_NAME	FILE_LENGTH	NUM_LOG_ENTRIES	NUM_TRANSACTIONS	MIN_TRANSACTION_ID	MAX_TRANSACTION_ID	MIN_END_TIMESTAMP	MAX_END_TIMESTAMP	INDEX_SIZE_IN_BYTES
transaction.log	409	3	3	1	3	START_TIMESTAMP	END_TIMESTAMP	INDEX_SIZE

Check transaction_log_entries
SELECT * FROM DATA_DICTIONARY.TRANSACTION_LOG_ENTRIES;
ENTRY_OFFSET	ENTRY_TYPE	ENTRY_LENGTH
0	TRANSACTION	75
75	TRANSACTION	234
309	TRANSACTION	100

Check transaction_log_transactions
SELECT * FROM DATA_DICTIONARY.TRANSACTION_LOG_TRANSACTIONS;
ENTRY_OFFSET	TRANSACTION_ID	SERVER_ID	START_TIMESTAMP	END_TIMESTAMP	NUM_STATEMENTS	CHECKSUM
0	1	1	START_TIMESTAMP	END_TIMESTAMP	1	0
75	2	1	START_TIMESTAMP	END_TIMESTAMP	1	0
309	3	1	START_TIMESTAMP	END_TIMESTAMP	1	0
Check transaction log contents
SELECT PRINT_TRANSACTION_MESSAGE('transaction.log',(select max(entry_offset) from DATA_DICTIONARY.TRANSACTION_LOG_TRANSACTIONS));
PRINT_TRANSACTION_MESSAGE('transaction.log',(select max(entry_offset) from DATA_DICTIONARY.TRANSACTION_LOG_TRANSACTIONS))
transaction_context {
  server_id: 1
  transaction_id: 3
  START_TIMESTAMP
  END_TIMESTAMP
}
statement {
  type: RAW_SQL
  START_TIMESTAMP
  END_TIMESTAMP
  sql: "ALTER TABLE t1 ADD INDEX b_key (b(10),a)"
}



ALTER TABLE t1 DROP INDEX b_key;
# check transaction_log
SELECT * FROM DATA_DICTIONARY.TRANSACTION_LOG;
FILE_NAME	FILE_LENGTH	NUM_LOG_ENTRIES	NUM_TRANSACTIONS	MIN_TRANSACTION_ID	MAX_TRANSACTION_ID	MIN_END_TIMESTAMP	MAX_END_TIMESTAMP	INDEX_SIZE_IN_BYTES
transaction.log	500	4	4	1	4	START_TIMESTAMP	END_TIMESTAMP	INDEX_SIZE

Check transaction_log_entries
SELECT * FROM DATA_DICTIONARY.TRANSACTION_LOG_ENTRIES;
ENTRY_OFFSET	ENTRY_TYPE	ENTRY_LENGTH
0	TRANSACTION	75
75	TRANSACTION	234
309	TRANSACTION	100
409	TRANSACTION	91

Check transaction_log_transactions
SELECT * FROM DATA_DICTIONARY.TRANSACTION_LOG_TRANSACTIONS;
ENTRY_OFFSET	TRANSACTION_ID	SERVER_ID	START_TIMESTAMP	END_TIMESTAMP	NUM_STATEMENTS	CHECKSUM
0	1	1	START_TIMESTAMP	END_TIMESTAMP	1	0
75	2	1	START_TIMESTAMP	END_TIMESTAMP	1	0
309	3	1	START_TIMESTAMP	END_TIMESTAMP	1	0
409	4	1	START_TIMESTAMP	END_TIMESTAMP	1	0
Check transaction log contents
SELECT PRINT_TRANSACTION_MESSAGE('transaction.log',(select max(entry_offset) from DATA_DICTIONARY.TRANSACTION_LOG_TRANSACTIONS));
PRINT_TRANSACTION_MESSAGE('transaction.log',(select max(entry_offset) from DATA_DICTIONARY.TRANSACTION_LOG_TRANSACTIONS))
transaction_context {
  server_id: 1
  transaction_id: 4
  START_TIMESTAMP
  END_TIMESTAMP
}
statement {
  type: RAW_SQL
  START_TIMESTAMP
  END_TIMESTAMP
  sql: "ALTER TABLE t1 DROP INDEX b_key"
}



DROP TABLE t1;
SET GLOBAL transaction_log_truncate_debug= true;

Testing ADD INDEX negative
DROP TABLE IF EXISTS t1 ;
CREATE TABLE t1(a INT NOT NULL, b INT NOT NULL, PRIMARY KEY(a), KEY b_key(b));
ALTER TABLE t1 ADD INDEX b_key (b,a) ;
ERROR 42000: Duplicate key name 'b_key'
# check transaction_log
SELECT * FROM DATA_DICTIONARY.TRANSACTION_LOG;
FILE_NAME	FILE_LENGTH	NUM_LOG_ENTRIES	NUM_TRANSACTIONS	MIN_TRANSACTION_ID	MAX_TRANSACTION_ID	MIN_END_TIMESTAMP	MAX_END_TIMESTAMP	INDEX_SIZE_IN_BYTES
transaction.log	311	2	2	1	2	START_TIMESTAMP	END_TIMESTAMP	INDEX_SIZE

Check transaction_log_entries
SELECT * FROM DATA_DICTIONARY.TRANSACTION_LOG_ENTRIES;
ENTRY_OFFSET	ENTRY_TYPE	ENTRY_LENGTH
0	TRANSACTION	75
75	TRANSACTION	236

Check transaction_log_transactions
SELECT * FROM DATA_DICTIONARY.TRANSACTION_LOG_TRANSACTIONS;
ENTRY_OFFSET	TRANSACTION_ID	SERVER_ID	START_TIMESTAMP	END_TIMESTAMP	NUM_STATEMENTS	CHECKSUM
0	1	1	START_TIMESTAMP	END_TIMESTAMP	1	0
75	2	1	START_TIMESTAMP	END_TIMESTAMP	1	0
Check transaction log contents
SELECT PRINT_TRANSACTION_MESSAGE('transaction.log',(select max(entry_offset) from DATA_DICTIONARY.TRANSACTION_LOG_TRANSACTIONS));
PRINT_TRANSACTION_MESSAGE('transaction.log',(select max(entry_offset) from DATA_DICTIONARY.TRANSACTION_LOG_TRANSACTIONS))
transaction_context {
  server_id: 1
  transaction_id: 2
  START_TIMESTAMP
  END_TIMESTAMP
}
statement {
  type: CREATE_TABLE
  START_TIMESTAMP
  END_TIMESTAMP
  create_table_statement {
    table {
      name: "t1"
      engine {
        name: "InnoDB"
      }
      field {
        name: "a"
        type: INTEGER
        constraints {
          is_nullable: false
        }
      }
      field {
        name: "b"
        type: INTEGER
        constraints {
          is_nullable: false
        }
      }
      indexes {
        name: "PRIMARY"
        is_primary: true
        is_unique: true
        type: UNKNOWN_INDEX
        key_length: 4
        index_part {
          fieldnr: 0
          compare_length: 4
        }
        options {
        }
      }
      indexes {
        name: "b_key"
        is_primary: false
        is_unique: false
        type: UNKNOWN_INDEX
        key_length: 4
        index_part {
          fieldnr: 1
          compare_length: 4
        }
        options {
        }
      }
      type: STANDARD
      schema: "test"
      options {
        has_user_set_auto_increment_value: false
        collation: "utf8_general_ci"
        collation_id: 45
      }
      CREATE_TIMESTAMP
      UPDATE_TIMESTAMP
      
      version: 1
    }
  }
}



DROP TABLE t1;
SET GLOBAL transaction_log_truncate_debug= true;

Testing DROP INDEX negative1 
DROP TABLE IF EXISTS t1 ;
CREATE TABLE t1(a INT NOT NULL, b INT NOT NULL, PRIMARY KEY(a));
ALTER TABLE t1 DROP INDEX i_dont_exist ;
ERROR 42000: Can't DROP 'i_dont_exist'; check that column/key exists
# check transaction_log
SELECT * FROM DATA_DICTIONARY.TRANSACTION_LOG;
FILE_NAME	FILE_LENGTH	NUM_LOG_ENTRIES	NUM_TRANSACTIONS	MIN_TRANSACTION_ID	MAX_TRANSACTION_ID	MIN_END_TIMESTAMP	MAX_END_TIMESTAMP	INDEX_SIZE_IN_BYTES
transaction.log	286	2	2	1	2	START_TIMESTAMP	END_TIMESTAMP	INDEX_SIZE

Check transaction_log_entries
SELECT * FROM DATA_DICTIONARY.TRANSACTION_LOG_ENTRIES;
ENTRY_OFFSET	ENTRY_TYPE	ENTRY_LENGTH
0	TRANSACTION	75
75	TRANSACTION	211

Check transaction_log_transactions
SELECT * FROM DATA_DICTIONARY.TRANSACTION_LOG_TRANSACTIONS;
ENTRY_OFFSET	TRANSACTION_ID	SERVER_ID	START_TIMESTAMP	END_TIMESTAMP	NUM_STATEMENTS	CHECKSUM
0	1	1	START_TIMESTAMP	END_TIMESTAMP	1	0
75	2	1	START_TIMESTAMP	END_TIMESTAMP	1	0
Check transaction log contents
SELECT PRINT_TRANSACTION_MESSAGE('transaction.log',(select max(entry_offset) from DATA_DICTIONARY.TRANSACTION_LOG_TRANSACTIONS));
PRINT_TRANSACTION_MESSAGE('transaction.log',(select max(entry_offset) from DATA_DICTIONARY.TRANSACTION_LOG_TRANSACTIONS))
transaction_context {
  server_id: 1
  transaction_id: 2
  START_TIMESTAMP
  END_TIMESTAMP
}
statement {
  type: CREATE_TABLE
  START_TIMESTAMP
  END_TIMESTAMP
  create_table_statement {
    table {
      name: "t1"
      engine {
        name: "InnoDB"
      }
      field {
        name: "a"
        type: INTEGER
        constraints {
          is_nullable: false
        }
      }
      field {
        name: "b"
        type: INTEGER
        constraints {
          is_nullable: false
        }
      }
      indexes {
        name: "PRIMARY"
        is_primary: true
        is_unique: true
        type: UNKNOWN_INDEX
        key_length: 4
        index_part {
          fieldnr: 0
          compare_length: 4
        }
        options {
        }
      }
      type: STANDARD
      schema: "test"
      options {
        has_user_set_auto_increment_value: false
        collation: "utf8_general_ci"
        collation_id: 45
      }
      CREATE_TIMESTAMP
      UPDATE_TIMESTAMP
      
      version: 1
    }
  }
}



DROP TABLE t1;
SET GLOBAL transaction_log_truncate_debug= true;

Testing ALTER COLUMN 
DROP TABLE IF EXISTS t1 ;
CREATE TABLE t1(a INT NOT NULL, b INT NOT NULL, PRIMARY KEY(a));
ALTER TABLE t1 ALTER COLUMN b SET DEFAULT 999 ;
# check transaction_log
SELECT * FROM DATA_DICTIONARY.TRANSACTION_LOG;
FILE_NAME	FILE_LENGTH	NUM_LOG_ENTRIES	NUM_TRANSACTIONS	MIN_TRANSACTION_ID	MAX_TRANSACTION_ID	MIN_END_TIMESTAMP	MAX_END_TIMESTAMP	INDEX_SIZE_IN_BYTES
transaction.log	391	3	3	1	3	START_TIMESTAMP	END_TIMESTAMP	INDEX_SIZE

Check transaction_log_entries
SELECT * FROM DATA_DICTIONARY.TRANSACTION_LOG_ENTRIES;
ENTRY_OFFSET	ENTRY_TYPE	ENTRY_LENGTH
0	TRANSACTION	75
75	TRANSACTION	211
286	TRANSACTION	105

Check transaction_log_transactions
SELECT * FROM DATA_DICTIONARY.TRANSACTION_LOG_TRANSACTIONS;
ENTRY_OFFSET	TRANSACTION_ID	SERVER_ID	START_TIMESTAMP	END_TIMESTAMP	NUM_STATEMENTS	CHECKSUM
0	1	1	START_TIMESTAMP	END_TIMESTAMP	1	0
75	2	1	START_TIMESTAMP	END_TIMESTAMP	1	0
286	3	1	START_TIMESTAMP	END_TIMESTAMP	1	0
Check transaction log contents
SELECT PRINT_TRANSACTION_MESSAGE('transaction.log',(select max(entry_offset) from DATA_DICTIONARY.TRANSACTION_LOG_TRANSACTIONS));
PRINT_TRANSACTION_MESSAGE('transaction.log',(select max(entry_offset) from DATA_DICTIONARY.TRANSACTION_LOG_TRANSACTIONS))
transaction_context {
  server_id: 1
  transaction_id: 3
  START_TIMESTAMP
  END_TIMESTAMP
}
statement {
  type: RAW_SQL
  START_TIMESTAMP
  END_TIMESTAMP
  sql: "ALTER TABLE t1 ALTER COLUMN b SET DEFAULT 999"
}



SHOW CREATE TABLE t1;
Table	Create Table
t1	CREATE TABLE `t1` (
  `a` INT NOT NULL,
  `b` INT NOT NULL DEFAULT '999',
  PRIMARY KEY (`a`)
) ENGINE=InnoDB COLLATE = utf8_general_ci
ALTER TABLE t1 ALTER COLUMN b DROP DEFAULT ;
# check transaction_log
SELECT * FROM DATA_DICTIONARY.TRANSACTION_LOG;
FILE_NAME	FILE_LENGTH	NUM_LOG_ENTRIES	NUM_TRANSACTIONS	MIN_TRANSACTION_ID	MAX_TRANSACTION_ID	MIN_END_TIMESTAMP	MAX_END_TIMESTAMP	INDEX_SIZE_IN_BYTES
transaction.log	493	4	4	1	4	START_TIMESTAMP	END_TIMESTAMP	INDEX_SIZE

Check transaction_log_entries
SELECT * FROM DATA_DICTIONARY.TRANSACTION_LOG_ENTRIES;
ENTRY_OFFSET	ENTRY_TYPE	ENTRY_LENGTH
0	TRANSACTION	75
75	TRANSACTION	211
286	TRANSACTION	105
391	TRANSACTION	102

Check transaction_log_transactions
SELECT * FROM DATA_DICTIONARY.TRANSACTION_LOG_TRANSACTIONS;
ENTRY_OFFSET	TRANSACTION_ID	SERVER_ID	START_TIMESTAMP	END_TIMESTAMP	NUM_STATEMENTS	CHECKSUM
0	1	1	START_TIMESTAMP	END_TIMESTAMP	1	0
75	2	1	START_TIMESTAMP	END_TIMESTAMP	1	0
286	3	1	START_TIMESTAMP	END_TIMESTAMP	1	0
391	4	1	START_TIMESTAMP	END_TIMESTAMP	1	0
Check transaction log contents
SELECT PRINT_TRANSACTION_MESSAGE('transaction.log',(select max(entry_offset) from DATA_DICTIONARY.TRANSACTION_LOG_TRANSACTIONS));
PRINT_TRANSACTION_MESSAGE('transaction.log',(select max(entry_offset) from DATA_DICTIONARY.TRANSACTION_LOG_TRANSACTIONS))
transaction_context {
  server_id: 1
  transaction_id: 4
  START_TIMESTAMP
  END_TIMESTAMP
}
statement {
  type: RAW_SQL
  START_TIMESTAMP
  END_TIMESTAMP
  sql: "ALTER TABLE t1 ALTER COLUMN b DROP DEFAULT"
}



SHOW CREATE TABLE t1;
Table	Create Table
t1	CREATE TABLE `t1` (
  `a` INT NOT NULL,
  `b` INT NOT NULL,
  PRIMARY KEY (`a`)
) ENGINE=InnoDB COLLATE = utf8_general_ci
DROP TABLE t1;
SET GLOBAL transaction_log_truncate_debug= true;

Testing CHANGE COLUMN  
DROP TABLE IF EXISTS t1 ;
CREATE TABLE t1(a INT NOT NULL, b INT NOT NULL, PRIMARY KEY(a));
ALTER TABLE t1 CHANGE COLUMN b new_b_name CHAR(500) DEFAULT 'I am not an int now' FIRST ;
# check transaction_log
SELECT * FROM DATA_DICTIONARY.TRANSACTION_LOG;
FILE_NAME	FILE_LENGTH	NUM_LOG_ENTRIES	NUM_TRANSACTIONS	MIN_TRANSACTION_ID	MAX_TRANSACTION_ID	MIN_END_TIMESTAMP	MAX_END_TIMESTAMP	INDEX_SIZE_IN_BYTES
transaction.log	433	3	3	1	3	START_TIMESTAMP	END_TIMESTAMP	INDEX_SIZE

Check transaction_log_entries
SELECT * FROM DATA_DICTIONARY.TRANSACTION_LOG_ENTRIES;
ENTRY_OFFSET	ENTRY_TYPE	ENTRY_LENGTH
0	TRANSACTION	75
75	TRANSACTION	211
286	TRANSACTION	147

Check transaction_log_transactions
SELECT * FROM DATA_DICTIONARY.TRANSACTION_LOG_TRANSACTIONS;
ENTRY_OFFSET	TRANSACTION_ID	SERVER_ID	START_TIMESTAMP	END_TIMESTAMP	NUM_STATEMENTS	CHECKSUM
0	1	1	START_TIMESTAMP	END_TIMESTAMP	1	0
75	2	1	START_TIMESTAMP	END_TIMESTAMP	1	0
286	3	1	START_TIMESTAMP	END_TIMESTAMP	1	0
Check transaction log contents
SELECT PRINT_TRANSACTION_MESSAGE('transaction.log',(select max(entry_offset) from DATA_DICTIONARY.TRANSACTION_LOG_TRANSACTIONS));
PRINT_TRANSACTION_MESSAGE('transaction.log',(select max(entry_offset) from DATA_DICTIONARY.TRANSACTION_LOG_TRANSACTIONS))
transaction_context {
  server_id: 1
  transaction_id: 3
  START_TIMESTAMP
  END_TIMESTAMP
}
statement {
  type: RAW_SQL
  START_TIMESTAMP
  END_TIMESTAMP
  sql: "ALTER TABLE t1 CHANGE COLUMN b new_b_name CHAR(500) DEFAULT \'I am not an int now\' FIRST"
}



SHOW CREATE TABLE t1;
Table	Create Table
t1	CREATE TABLE `t1` (
  `new_b_name` VARCHAR(500) COLLATE utf8_general_ci DEFAULT 'I am not an int now',
  `a` INT NOT NULL,
  PRIMARY KEY (`a`)
) ENGINE=InnoDB COLLATE = utf8_general_ci
DROP TABLE t1;
SET GLOBAL transaction_log_truncate_debug= true;

Testing MODIFY COLUMN1
DROP TABLE IF EXISTS t1 ;
CREATE TABLE t1(a INT NOT NULL, b INT NOT NULL, c DATE, PRIMARY KEY(a));
ALTER TABLE t1 MODIFY COLUMN b CHAR(50) DEFAULT 'I am now a CHAR field' AFTER c ;
# check transaction_log
SELECT * FROM DATA_DICTIONARY.TRANSACTION_LOG;
FILE_NAME	FILE_LENGTH	NUM_LOG_ENTRIES	NUM_TRANSACTIONS	MIN_TRANSACTION_ID	MAX_TRANSACTION_ID	MIN_END_TIMESTAMP	MAX_END_TIMESTAMP	INDEX_SIZE_IN_BYTES
transaction.log	436	3	3	1	3	START_TIMESTAMP	END_TIMESTAMP	INDEX_SIZE

Check transaction_log_entries
SELECT * FROM DATA_DICTIONARY.TRANSACTION_LOG_ENTRIES;
ENTRY_OFFSET	ENTRY_TYPE	ENTRY_LENGTH
0	TRANSACTION	75
75	TRANSACTION	222
297	TRANSACTION	139

Check transaction_log_transactions
SELECT * FROM DATA_DICTIONARY.TRANSACTION_LOG_TRANSACTIONS;
ENTRY_OFFSET	TRANSACTION_ID	SERVER_ID	START_TIMESTAMP	END_TIMESTAMP	NUM_STATEMENTS	CHECKSUM
0	1	1	START_TIMESTAMP	END_TIMESTAMP	1	0
75	2	1	START_TIMESTAMP	END_TIMESTAMP	1	0
297	3	1	START_TIMESTAMP	END_TIMESTAMP	1	0
Check transaction log contents
SELECT PRINT_TRANSACTION_MESSAGE('transaction.log',(select max(entry_offset) from DATA_DICTIONARY.TRANSACTION_LOG_TRANSACTIONS));
PRINT_TRANSACTION_MESSAGE('transaction.log',(select max(entry_offset) from DATA_DICTIONARY.TRANSACTION_LOG_TRANSACTIONS))
transaction_context {
  server_id: 1
  transaction_id: 3
  START_TIMESTAMP
  END_TIMESTAMP
}
statement {
  type: RAW_SQL
  START_TIMESTAMP
  END_TIMESTAMP
  sql: "ALTER TABLE t1 MODIFY COLUMN b CHAR(50) DEFAULT \'I am now a CHAR field\' AFTER c"
}



SHOW CREATE TABLE t1;
Table	Create Table
t1	CREATE TABLE `t1` (
  `a` INT NOT NULL,
  `c` DATE DEFAULT NULL,
  `b` VARCHAR(50) COLLATE utf8_general_ci DEFAULT 'I am now a CHAR field',
  PRIMARY KEY (`a`)
) ENGINE=InnoDB COLLATE = utf8_general_ci
DROP TABLE t1;
SET GLOBAL transaction_log_truncate_debug= true;

Testing MODIFY COLUMN2
DROP TABLE IF EXISTS t1 ;
CREATE TABLE t1(a INT NOT NULL, b INT NOT NULL, c DATE, PRIMARY KEY(a));
ALTER TABLE t1 MODIFY COLUMN b CHAR(50) DEFAULT 'I am now a CHAR field' AFTER b ;
ERROR 42S22: Unknown column 'b' in 't1'
# check transaction_log
SELECT * FROM DATA_DICTIONARY.TRANSACTION_LOG;
FILE_NAME	FILE_LENGTH	NUM_LOG_ENTRIES	NUM_TRANSACTIONS	MIN_TRANSACTION_ID	MAX_TRANSACTION_ID	MIN_END_TIMESTAMP	MAX_END_TIMESTAMP	INDEX_SIZE_IN_BYTES
transaction.log	297	2	2	1	2	START_TIMESTAMP	END_TIMESTAMP	INDEX_SIZE

Check transaction_log_entries
SELECT * FROM DATA_DICTIONARY.TRANSACTION_LOG_ENTRIES;
ENTRY_OFFSET	ENTRY_TYPE	ENTRY_LENGTH
0	TRANSACTION	75
75	TRANSACTION	222

Check transaction_log_transactions
SELECT * FROM DATA_DICTIONARY.TRANSACTION_LOG_TRANSACTIONS;
ENTRY_OFFSET	TRANSACTION_ID	SERVER_ID	START_TIMESTAMP	END_TIMESTAMP	NUM_STATEMENTS	CHECKSUM
0	1	1	START_TIMESTAMP	END_TIMESTAMP	1	0
75	2	1	START_TIMESTAMP	END_TIMESTAMP	1	0
Check transaction log contents
SELECT PRINT_TRANSACTION_MESSAGE('transaction.log',(select max(entry_offset) from DATA_DICTIONARY.TRANSACTION_LOG_TRANSACTIONS));
PRINT_TRANSACTION_MESSAGE('transaction.log',(select max(entry_offset) from DATA_DICTIONARY.TRANSACTION_LOG_TRANSACTIONS))
transaction_context {
  server_id: 1
  transaction_id: 2
  START_TIMESTAMP
  END_TIMESTAMP
}
statement {
  type: CREATE_TABLE
  START_TIMESTAMP
  END_TIMESTAMP
  create_table_statement {
    table {
      name: "t1"
      engine {
        name: "InnoDB"
      }
      field {
        name: "a"
        type: INTEGER
        constraints {
          is_nullable: false
        }
      }
      field {
        name: "b"
        type: INTEGER
        constraints {
          is_nullable: false
        }
      }
      field {
        name: "c"
        type: DATE
        options {
          default_null: true
        }
      }
      indexes {
        name: "PRIMARY"
        is_primary: true
        is_unique: true
        type: UNKNOWN_INDEX
        key_length: 4
        index_part {
          fieldnr: 0
          compare_length: 4
        }
        options {
        }
      }
      type: STANDARD
      schema: "test"
      options {
        has_user_set_auto_increment_value: false
        collation: "utf8_general_ci"
        collation_id: 45
      }
      CREATE_TIMESTAMP
      UPDATE_TIMESTAMP
      
      version: 1
    }
  }
}



SHOW CREATE TABLE t1;
Table	Create Table
t1	CREATE TABLE `t1` (
  `a` INT NOT NULL,
  `b` INT NOT NULL,
  `c` DATE DEFAULT NULL,
  PRIMARY KEY (`a`)
) ENGINE=InnoDB COLLATE = utf8_general_ci
DROP TABLE t1;
SET GLOBAL transaction_log_truncate_debug= true;

Testing MODIFY COLUMN3
DROP TABLE IF EXISTS t1 ;
CREATE TABLE t1(a INT NOT NULL, b INT NOT NULL, c DATE, PRIMARY KEY(a));
ALTER TABLE t1 MODIFY COLUMN b INT NOT NULL ;
# check transaction_log
SELECT * FROM DATA_DICTIONARY.TRANSACTION_LOG;
FILE_NAME	FILE_LENGTH	NUM_LOG_ENTRIES	NUM_TRANSACTIONS	MIN_TRANSACTION_ID	MAX_TRANSACTION_ID	MIN_END_TIMESTAMP	MAX_END_TIMESTAMP	INDEX_SIZE_IN_BYTES
transaction.log	400	3	3	1	3	START_TIMESTAMP	END_TIMESTAMP	INDEX_SIZE

Check transaction_log_entries
SELECT * FROM DATA_DICTIONARY.TRANSACTION_LOG_ENTRIES;
ENTRY_OFFSET	ENTRY_TYPE	ENTRY_LENGTH
0	TRANSACTION	75
75	TRANSACTION	222
297	TRANSACTION	103

Check transaction_log_transactions
SELECT * FROM DATA_DICTIONARY.TRANSACTION_LOG_TRANSACTIONS;
ENTRY_OFFSET	TRANSACTION_ID	SERVER_ID	START_TIMESTAMP	END_TIMESTAMP	NUM_STATEMENTS	CHECKSUM
0	1	1	START_TIMESTAMP	END_TIMESTAMP	1	0
75	2	1	START_TIMESTAMP	END_TIMESTAMP	1	0
297	3	1	START_TIMESTAMP	END_TIMESTAMP	1	0
Check transaction log contents
SELECT PRINT_TRANSACTION_MESSAGE('transaction.log',(select max(entry_offset) from DATA_DICTIONARY.TRANSACTION_LOG_TRANSACTIONS));
PRINT_TRANSACTION_MESSAGE('transaction.log',(select max(entry_offset) from DATA_DICTIONARY.TRANSACTION_LOG_TRANSACTIONS))
transaction_context {
  server_id: 1
  transaction_id: 3
  START_TIMESTAMP
  END_TIMESTAMP
}
statement {
  type: RAW_SQL
  START_TIMESTAMP
  END_TIMESTAMP
  sql: "ALTER TABLE t1 MODIFY COLUMN b INT NOT NULL"
}



SHOW CREATE TABLE t1;
Table	Create Table
t1	CREATE TABLE `t1` (
  `a` INT NOT NULL,
  `b` INT NOT NULL,
  `c` DATE DEFAULT NULL,
  PRIMARY KEY (`a`)
) ENGINE=InnoDB COLLATE = utf8_general_ci
DROP TABLE t1;
SET GLOBAL transaction_log_truncate_debug= true;

Testing ADD/DROP Foreign Key constraints 
DROP TABLE IF EXISTS t1, t2;
CREATE TABLE t1(a INT NOT NULL, b INT NOT NULL, PRIMARY KEY(a), KEY b_key1 (b));
# check transaction_log
SELECT * FROM DATA_DICTIONARY.TRANSACTION_LOG;
FILE_NAME	FILE_LENGTH	NUM_LOG_ENTRIES	NUM_TRANSACTIONS	MIN_TRANSACTION_ID	MAX_TRANSACTION_ID	MIN_END_TIMESTAMP	MAX_END_TIMESTAMP	INDEX_SIZE_IN_BYTES
transaction.log	387	3	3	1	3	START_TIMESTAMP	END_TIMESTAMP	INDEX_SIZE

Check transaction_log_entries
SELECT * FROM DATA_DICTIONARY.TRANSACTION_LOG_ENTRIES;
ENTRY_OFFSET	ENTRY_TYPE	ENTRY_LENGTH
0	TRANSACTION	75
75	TRANSACTION	75
150	TRANSACTION	237

Check transaction_log_transactions
SELECT * FROM DATA_DICTIONARY.TRANSACTION_LOG_TRANSACTIONS;
ENTRY_OFFSET	TRANSACTION_ID	SERVER_ID	START_TIMESTAMP	END_TIMESTAMP	NUM_STATEMENTS	CHECKSUM
0	1	1	START_TIMESTAMP	END_TIMESTAMP	1	0
75	2	1	START_TIMESTAMP	END_TIMESTAMP	1	0
150	3	1	START_TIMESTAMP	END_TIMESTAMP	1	0
Check transaction log contents
SELECT PRINT_TRANSACTION_MESSAGE('transaction.log',(select max(entry_offset) from DATA_DICTIONARY.TRANSACTION_LOG_TRANSACTIONS));
PRINT_TRANSACTION_MESSAGE('transaction.log',(select max(entry_offset) from DATA_DICTIONARY.TRANSACTION_LOG_TRANSACTIONS))
transaction_context {
  server_id: 1
  transaction_id: 3
  START_TIMESTAMP
  END_TIMESTAMP
}
statement {
  type: CREATE_TABLE
  START_TIMESTAMP
  END_TIMESTAMP
  create_table_statement {
    table {
      name: "t1"
      engine {
        name: "InnoDB"
      }
      field {
        name: "a"
        type: INTEGER
        constraints {
          is_nullable: false
        }
      }
      field {
        name: "b"
        type: INTEGER
        constraints {
          is_nullable: false
        }
      }
      indexes {
        name: "PRIMARY"
        is_primary: true
        is_unique: true
        type: UNKNOWN_INDEX
        key_length: 4
        index_part {
          fieldnr: 0
          compare_length: 4
        }
        options {
        }
      }
      indexes {
        name: "b_key1"
        is_primary: false
        is_unique: false
        type: UNKNOWN_INDEX
        key_length: 4
        index_part {
          fieldnr: 1
          compare_length: 4
        }
        options {
        }
      }
      type: STANDARD
      schema: "test"
      options {
        has_user_set_auto_increment_value: false
        collation: "utf8_general_ci"
        collation_id: 45
      }
      CREATE_TIMESTAMP
      UPDATE_TIMESTAMP
      
      version: 1
    }
  }
}



CREATE TABLE t2(a INT NOT NULL, b INT , PRIMARY KEY(a), KEY b_key (b));
ALTER TABLE t2 ADD CONSTRAINT fk_constraint_t2 FOREIGN KEY(b) REFERENCES t1(b) ON DELETE SET NULL ON UPDATE CASCADE;
# check transaction_log
SELECT * FROM DATA_DICTIONARY.TRANSACTION_LOG;
FILE_NAME	FILE_LENGTH	NUM_LOG_ENTRIES	NUM_TRANSACTIONS	MIN_TRANSACTION_ID	MAX_TRANSACTION_ID	MIN_END_TIMESTAMP	MAX_END_TIMESTAMP	INDEX_SIZE_IN_BYTES
transaction.log	801	5	5	1	5	START_TIMESTAMP	END_TIMESTAMP	INDEX_SIZE

Check transaction_log_entries
SELECT * FROM DATA_DICTIONARY.TRANSACTION_LOG_ENTRIES;
ENTRY_OFFSET	ENTRY_TYPE	ENTRY_LENGTH
0	TRANSACTION	75
75	TRANSACTION	75
150	TRANSACTION	237
387	TRANSACTION	238
625	TRANSACTION	176

Check transaction_log_transactions
SELECT * FROM DATA_DICTIONARY.TRANSACTION_LOG_TRANSACTIONS;
ENTRY_OFFSET	TRANSACTION_ID	SERVER_ID	START_TIMESTAMP	END_TIMESTAMP	NUM_STATEMENTS	CHECKSUM
0	1	1	START_TIMESTAMP	END_TIMESTAMP	1	0
75	2	1	START_TIMESTAMP	END_TIMESTAMP	1	0
150	3	1	START_TIMESTAMP	END_TIMESTAMP	1	0
387	4	1	START_TIMESTAMP	END_TIMESTAMP	1	0
625	5	1	START_TIMESTAMP	END_TIMESTAMP	1	0
Check transaction log contents
SELECT PRINT_TRANSACTION_MESSAGE('transaction.log',(select max(entry_offset) from DATA_DICTIONARY.TRANSACTION_LOG_TRANSACTIONS));
PRINT_TRANSACTION_MESSAGE('transaction.log',(select max(entry_offset) from DATA_DICTIONARY.TRANSACTION_LOG_TRANSACTIONS))
transaction_context {
  server_id: 1
  transaction_id: 5
  START_TIMESTAMP
  END_TIMESTAMP
}
statement {
  type: RAW_SQL
  START_TIMESTAMP
  END_TIMESTAMP
  sql: "ALTER TABLE t2 ADD CONSTRAINT fk_constraint_t2 FOREIGN KEY(b) REFERENCES t1(b) ON DELETE SET NULL ON UPDATE CASCADE"
}



ALTER TABLE t2 DROP FOREIGN KEY fk_constraint_t2 ;
# check transaction_log
SELECT * FROM DATA_DICTIONARY.TRANSACTION_LOG;
FILE_NAME	FILE_LENGTH	NUM_LOG_ENTRIES	NUM_TRANSACTIONS	MIN_TRANSACTION_ID	MAX_TRANSACTION_ID	MIN_END_TIMESTAMP	MAX_END_TIMESTAMP	INDEX_SIZE_IN_BYTES
transaction.log	909	6	6	1	6	START_TIMESTAMP	END_TIMESTAMP	INDEX_SIZE

Check transaction_log_entries
SELECT * FROM DATA_DICTIONARY.TRANSACTION_LOG_ENTRIES;
ENTRY_OFFSET	ENTRY_TYPE	ENTRY_LENGTH
0	TRANSACTION	75
75	TRANSACTION	75
150	TRANSACTION	237
387	TRANSACTION	238
625	TRANSACTION	176
801	TRANSACTION	108

Check transaction_log_transactions
SELECT * FROM DATA_DICTIONARY.TRANSACTION_LOG_TRANSACTIONS;
ENTRY_OFFSET	TRANSACTION_ID	SERVER_ID	START_TIMESTAMP	END_TIMESTAMP	NUM_STATEMENTS	CHECKSUM
0	1	1	START_TIMESTAMP	END_TIMESTAMP	1	0
75	2	1	START_TIMESTAMP	END_TIMESTAMP	1	0
150	3	1	START_TIMESTAMP	END_TIMESTAMP	1	0
387	4	1	START_TIMESTAMP	END_TIMESTAMP	1	0
625	5	1	START_TIMESTAMP	END_TIMESTAMP	1	0
801	6	1	START_TIMESTAMP	END_TIMESTAMP	1	0
Check transaction log contents
SELECT PRINT_TRANSACTION_MESSAGE('transaction.log',(select max(entry_offset) from DATA_DICTIONARY.TRANSACTION_LOG_TRANSACTIONS));
PRINT_TRANSACTION_MESSAGE('transaction.log',(select max(entry_offset) from DATA_DICTIONARY.TRANSACTION_LOG_TRANSACTIONS))
transaction_context {
  server_id: 1
  transaction_id: 6
  START_TIMESTAMP
  END_TIMESTAMP
}
statement {
  type: RAW_SQL
  START_TIMESTAMP
  END_TIMESTAMP
  sql: "ALTER TABLE t2 DROP FOREIGN KEY fk_constraint_t2"
}



DROP TABLE t2;
DROP TABLE t1;
SET GLOBAL transaction_log_truncate_debug= true;

