Testing basic LOAD DATA 
DROP TABLE IF EXISTS t1;
CREATE TABLE t1 (a INT NOT NULL AUTO_INCREMENT, b CHAR(50), PRIMARY KEY(a) );
LOAD DATA INFILE '../std_data_ln/translogloaddata.dat' into table t1 ;
# check transaction_log
SELECT * FROM DATA_DICTIONARY.TRANSACTION_LOG;
FILE_NAME	FILE_LENGTH	NUM_LOG_ENTRIES	NUM_TRANSACTIONS	MIN_TRANSACTION_ID	MAX_TRANSACTION_ID	MIN_END_TIMESTAMP	MAX_END_TIMESTAMP	INDEX_SIZE_IN_BYTES
transaction.log	271	2	2	1	2	START_TIMESTAMP	END_TIMESTAMP	73736

Check transaction_log_entries
SELECT * FROM DATA_DICTIONARY.TRANSACTION_LOG_ENTRIES;
ENTRY_OFFSET	ENTRY_TYPE	ENTRY_LENGTH
0	TRANSACTION	75
75	TRANSACTION	196

Check transaction_log_transactions
SELECT * FROM DATA_DICTIONARY.TRANSACTION_LOG_TRANSACTIONS;
ENTRY_OFFSET	TRANSACTION_ID	SERVER_ID	START_TIMESTAMP	END_TIMESTAMP	NUM_STATEMENTS	CHECKSUM
0	1	1	START_TIMESTAMP	END_TIMESTAMP	1	0
75	2	1	START_TIMESTAMP	END_TIMESTAMP	1	0
Check transaction log contents
SELECT PRINT_TRANSACTION_MESSAGE('transaction.log',(select max(entry_offset) from DATA_DICTIONARY.TRANSACTION_LOG_TRANSACTIONS));
PRINT_TRANSACTION_MESSAGE('transaction.log',(select max(entry_offset) from DATA_DICTIONARY.TRANSACTION_LOG_TRANSACTIONS))
transaction_context {
  server_id: 1
  transaction_id: 2
  START_TIMESTAMP
  END_TIMESTAMP
}
statement {
  type: CREATE_TABLE
  START_TIMESTAMP
  END_TIMESTAMP
  create_table_statement {
    table {
      name: "t1"
      engine {
        name: "InnoDB"
      }
      field {
        name: "a"
        type: INTEGER
        constraints {
          is_nullable: false
        }
        numeric_options {
          is_autoincrement: true
        }
      }
      field {
        name: "b"
        type: VARCHAR
        options {
          default_null: true
        }
        string_options {
          length: 50
          collation_id: 45
          collation: "utf8_general_ci"
        }
      }
      indexes {
        name: "PRIMARY"
        is_primary: true
        is_unique: true
        type: UNKNOWN_INDEX
        key_length: 4
        index_part {
          fieldnr: 0
          compare_length: 4
        }
        options {
        }
      }
      type: STANDARD
      schema: "test"
      options {
        collation: "utf8_general_ci"
        collation_id: 45
      }
      CREATE_TIMESTAMP
      UPDATE_TIMESTAMP
    }
  }
}



SELECT * FROM t1;
a	b
1	abbazabba
2	my_only_friend
DROP TABLE t1;
SET GLOBAL transaction_log_truncate_debug= true;

