show create table data_dictionary.TABLE_CACHE;
Table	Create Table
TABLE_CACHE	CREATE TABLE `table_cache` (
  `SESSION_ID` bigint NOT NULL DEFAULT '0',
  `TABLE_SCHEMA` varchar(64) NOT NULL DEFAULT '',
  `TABLE_NAME` varchar(64) NOT NULL DEFAULT '',
  `ARCHETYPE` varchar(64) NOT NULL DEFAULT '',
  `ENGINE` varchar(64) NOT NULL DEFAULT '',
  `VERSION` bigint NOT NULL DEFAULT '0',
  `IS_NAME_LOCKED` varchar(5) NOT NULL DEFAULT '',
  `ROWS` bigint NOT NULL DEFAULT '0',
  `AVG_ROW_LENGTH` bigint NOT NULL DEFAULT '0',
  `TABLE_SIZE` bigint NOT NULL DEFAULT '0',
  `AUTO_INCREMENT` bigint NOT NULL DEFAULT '0'
) ENGINE=FunctionEngine
select count(*) FROM data_dictionary.TABLE_CACHE;
count(*)
#
flush tables;
select * FROM data_dictionary.TABLE_CACHE ORDER BY TABLE_SCHEMA, TABLE_NAME, ARCHETYPE;
SESSION_ID	TABLE_SCHEMA	TABLE_NAME	ARCHETYPE	ENGINE	VERSION	IS_NAME_LOCKED	ROWS	AVG_ROW_LENGTH	TABLE_SIZE	AUTO_INCREMENT
#	#	table_cache	FUNCTION	FunctionEngine	#	FALSE	#	#	#	#
create table a ( a int);
create table b ( b int);
select * FROM a,b;
a	b
select * FROM data_dictionary.TABLE_CACHE ORDER BY TABLE_SCHEMA, TABLE_NAME, ARCHETYPE;
SESSION_ID	TABLE_SCHEMA	TABLE_NAME	ARCHETYPE	ENGINE	VERSION	IS_NAME_LOCKED	ROWS	AVG_ROW_LENGTH	TABLE_SIZE	AUTO_INCREMENT
#	#	table_cache	FUNCTION	FunctionEngine	#	FALSE	#	#	#	#
#	#	a	STANDARD	InnoDB	#	FALSE	#	#	#	#
#	#	b	STANDARD	InnoDB	#	FALSE	#	#	#	#
DROP TABLES a,b;
