SELECT value from data_dictionary.counter LIMIT 10;
value
1
2
3
4
5
6
7
8
9
10
CREATE TABLE t1 SELECT value from data_dictionary.counter LIMIT 20;
SELECT count(*) from t1;
count(*)
20
INSERT INTO t1 SELECT value from data_dictionary.counter LIMIT 10;
SELECT count(*) from t1;
count(*)
30
SELECT value from data_dictionary.counter GROUP BY value LIMIT 10;
value
41
select count(value) from data_dictionary.counter;
count(value)
1
DROP TABLE t1;
