SELECT value from data_dictionary.random_string LIMIT 10;
value
mxvtvmC9127qJNm06sGB8R92q2j7vTiiITRDGXM9ZLzkdekbWtmXKwZ2qG1llkRw5m9DHOFilEREk3q7oce8O3BEJC0woJsm6uzFAEynLH2xCsw1KQ1lT4zg9rdxBLb97RGHZ65mNzkSrYT3zWoSbg9cNePQr1bzSk81qDgE4Oanw3rnPfGsBHSbnu1evTdFDe83ro9w4jjteQg4yoo9xHck3WNqzs54W5zEm92ikdRF48B2oz3m8gMBAl11Wy50w46i58Giekxik0cYzfA8BZBLADEg3JhzGfZDoqvQQk0Akcic7lcJInYSsf9wqin6LDC1vzJLkJXKn5onqOy04MTw1WksCYqPl2Jg2et
qOqTLfGCvE4zTZwWvgMz4DPh7kD1E6f4MMQk1ioopsoIIcoD83DD8Wu7689K6oHTAjD3Hts6lYGv8x9G0EL0k87q8G2ExJjz2o3KhnIJBbEJYFROTpO5pNvxgyBT9nSCbNO9AiKL9QYhi0x3hL9WlwRHuWm4HE8leYmg66uGYIp6AnAr0BDd7YmuvYqCfqp9EbhKZRSymA4wx6gpHlJHI53DetH9j7Ixar90Jey5outd1ZIAJdJTjMaD7rMiqYXHFhHaB7Xr1HKuqe51GGMrfw4egILWisfxPwOc3nJx4frnAwgI539kr5EXFbupSZelM2MHqZEmD6ZNuEZzHib8fqYuHQbdrDND8lXqIdcNbA
WOBLZlpZOX5AoNlQFzpK7QjxcLP0wbWIriYGJLqksnug3YyANnWWDEJiRkiFC4a3e6KyJ2i3hSjksiuFLHlRXw9yhjDtnfoQd0OouyrcIbCB9zQWG4pf0yTZhaIT67nj7BY21FWJqaWrZxEh13
t2hRbGl4MsrxsuLmvd8FJid3GaHpRC2L6jgirPm5
W3uGGgCloJ5Ww0eNHSiLWvS5bAxto23AxxR6TXr9qofeoAtxWcJsXnxzxmsdhvoekFc5mSES8tyxvsuPK5
js7ihtaJaLz5xEh2s1GCA22zxutF6rOqjXYHHzSrKRwAhWCPXTdhNXYKQIRO9sEkFf1YeTGqw40Ta5u6QNfpvC1DWTTXDkFSFHtte9bbDSwgZjmryHglLhqjAKEF4MkJfT49eXcjzZNOG1F6BnsYTi8X2EnycNH7sDHMltxcILtQE0ZPoPq9zyg24J0hiAgQNpg8jedtrWK5WtXIALR9B03FJ4ou6TCTAtWtN7fETzBzkiAmvTv6LrEZn2RtNfMaOkJfjytCp54ZfEJbb7ZpqnMdipW5KkXdTjGCh
PNzLoeR0527frpQDQ8uw67Ydk1K06uuNHtkxYBxT5w8plb2BbpzhwYBgPNYX9RmICW
kZD6fAESvhMzH3yqzMtXoH4BQNylbK1CmEIPGYlC6zBN3152Gza4GW7atxJKACYwJqDbFynLxqc0kh30YTwgz3FktQ43XTrqJ4PQ25frn7kXhfXD8RuzN1j8Rf3y8ugKy6es3IbqPJM6
lC
D6xS7YcQCfHKZxYNvB7yTahmu3lkoxjtvgLu5xKHSTTtJuGE5F5QqmCcppCTmvFZScRZQgim93gSxwb24gKmIPEzEQStMjQiCu7WapGbkw4ilXch3x
CREATE TABLE t1 SELECT value from data_dictionary.random_string LIMIT 20;
SELECT count(*) from t1;
count(*)
20
INSERT INTO t1 SELECT value from data_dictionary.random_string LIMIT 10;
SELECT count(*) from t1;
count(*)
30
SELECT value from data_dictionary.random_string GROUP BY value LIMIT 10;
value
fFDoRnlgXOE7ad1eFPmnTg85Juucwf8RuEGL11tOI7NsdPMsq1fChfH0Q3SMiTqdj6qczksHrFASYOLFPsR7OkzqfSCEp2rO0Z00Hs91zBTYcin1bE0rq0hLKtb9oIZgsPY99a28lYgL6RFZZFOF75dJrCSXXtBNAcOJARKvr09xKGNlNn1XteqcqB7DwASz
select count(value) from data_dictionary.random_string;
count(value)
1
DROP TABLE t1;
