CREATE TABLE t1 (a int);
INSERT INTO t1 VALUES (1),(1),(1),(1),(1),(1),(1),(1),(1),(1), (1),(1),(1),(1),(1),(1),(1),(1),(1),(1), (1),(1),(1),(1),(1),(1),(1),(1),(1),(1), (1),(1);
select count(*) from t1;
count(*)
32
INSERT INTO t1 VALUES  (1),(1),(1),(1),(1),(1),(1),(1),(1),(1);
COMMIT;
SELECT count(*) from t1;
count(*)
42
DROP TABLE t1;
