create table t1 (a int);
insert into t1 values (NULL);
select * from t1;
a
drop table t1;
create table t2 (a varchar(100));
insert into t2 values (NULL);
select * from t2;
a
drop table t2;
