CREATE SCHEMA admin;
CREATE SCHEMA temporary_a;
SELECT SCHEMA();
SCHEMA()
test
CREATE TABLE admin.t1 (A SERIAL);
DROP TABLE admin.t1;
CREATE TABLE .admin.t1 (A SERIAL);
Got one of the listed errors
CREATE TABLE `.admin`.t1 (A SERIAL);
ERROR 42000: Incorrect schema name '.admin'
CREATE TABLE temporary_a.t1 (A SERIAL);
DROP TABLE temporary_a.t1;
CREATE TABLE .temporary_a.t1 (A SERIAL);
Got one of the listed errors
CREATE TABLE `.temporary_a`.t1 (A SERIAL);
ERROR 42000: Incorrect schema name '.temporary_a'
use admin;
CREATE TABLE .temporary_a (A SERIAL);
DROP TABLE .temporary_a;
CREATE TABLE `.temporary_a` (A SERIAL);
ERROR 42000: Incorrect table name 'admin..temporary_a'
CREATE TABLE `temporary_a` (A SERIAL);
DROP TABLE `temporary_a`;
CREATE TABLE `#temporary_a` (A SERIAL);
DROP TABLE `#temporary_a`;
CREATE TABLE #temporary_a (A SERIAL);
ERROR 42000: You have an error in your SQL syntax; check the manual that corresponds to your Drizzle server version for the right syntax to use near '' at line 1
CREATE TABLE `temporary_a ` (A SERIAL);
ERROR 42000: Incorrect table name 'temporary_a '
SELECT TABLE_NAME FROM DATA_DICTIONARY.TABLES WHERE TABLE_SCHEMA=SCHEMA();
TABLE_NAME
CREATE TABLE aaaaaaaaaaaaaaaaaaaaaaaaaaaaaaaaaaaaaaaaaaaaaaaaaaaaaaaaaaaaaaaaaaaaaaaaaaaaaaaaaaaaaaaaaaaaaaaaaaaa.aaaaaaaaaaaaaaaaaaaaaaaaaaaaaaaaaaaaaaaaaaaaaaaaaaaaaaaaaaaaaaaaaaaaaaaaaaaaaaaaaaaaaaaaaaaaaaaaaaaa (A SERIAL);
Got one of the listed errors
CREATE TABLE aaaaaaaaaaaaaaaaaaaaaaaaaaaaaaaaaaaaaaaaaaaaaaaaaaaaaaaaaaaaaaaaaaaaaaaaaaaaaaaaaaaaaaaaaaaaaaaaaaaa (A SERIAL);
Got one of the listed errors
DROP SCHEMA admin;
DROP SCHEMA temporary_a;
