drop table if exists t1;
create table t1 (t time);
insert into t1 values ("10:22:33");
insert into t1 values ("12:34:56.78");
insert into t1 values (10);
ERROR HY000: Received an invalid value '10' for a UNIX timestamp.
insert into t1 values (1234);
ERROR HY000: Received an invalid value '1234' for a UNIX timestamp.
insert into t1 values (123456.78);
insert into t1 values (1234559.99);
ERROR HY000: Received an invalid value '1234559.99' for a UNIX timestamp.
insert into t1 values ("1");
insert into t1 values ("1:23");
insert into t1 values ("1:23:45");
insert into t1 values ("10.22");
insert into t1 values ("20 10:22:33");
ERROR HY000: Received an invalid value '20 10:22:33' for a UNIX timestamp.
insert into t1 values ("-10  1:22:33.45");
ERROR HY000: Received an invalid value '-10  1:22:33.45' for a UNIX timestamp.
insert into t1 values ("1999-02-03 20:33:34");
ERROR HY000: Received an invalid value '1999-02-03 20:33:34' for a UNIX timestamp.
insert t1 values (30);
ERROR HY000: Received an invalid value '30' for a UNIX timestamp.
insert t1 values (1230);
insert t1 values ("1230");
insert t1 values ("12:30");
insert t1 values ("12:30:35");
insert t1 values ("1 12:30:31.32");
ERROR HY000: Received an invalid value '1 12:30:31.32' for a UNIX timestamp.
select * from t1;
t
1970-01-01 00:26:33
1970-01-01 00:39:44
1970-01-01 00:39:44
1970-01-01 00:00:01
1970-01-01 00:01:23
1970-01-01 00:24:09
1970-01-01 00:00:10
2000-12-30 00:00:00
1970-01-01 00:12:30
1970-01-01 00:12:30
1970-01-01 00:35:23
insert into t1 values ("10.22.22");
ERROR HY000: Received an invalid value '10.22.22' for a UNIX timestamp.
insert into t1 values (1234567);
ERROR HY000: Received an invalid value '1234567' for a UNIX timestamp.
insert into t1 values (123456789);
ERROR HY000: Received an invalid value '123456789' for a UNIX timestamp.
insert into t1 values (123456789.10);
ERROR HY000: Received an invalid value '123456789.10' for a UNIX timestamp.
insert into t1 values ("10 22:22");
ERROR HY000: Received an invalid value '10 22:22' for a UNIX timestamp.
insert into t1 values ("12.45a");
ERROR HY000: Received an invalid value '12.45a' for a UNIX timestamp.
select * from t1;
t
1970-01-01 00:26:33
1970-01-01 00:39:44
1970-01-01 00:39:44
1970-01-01 00:00:01
1970-01-01 00:01:23
1970-01-01 00:24:09
1970-01-01 00:00:10
2000-12-30 00:00:00
1970-01-01 00:12:30
1970-01-01 00:12:30
1970-01-01 00:35:23
drop table t1;
create table t1 (t time);
insert into t1 values ('09:00:00');
insert into t1 values ('13:00:00');
insert into t1 values ('19:38:34');
insert into t1 values ('13:00:00');
insert into t1 values ('09:00:00');
insert into t1 values ('09:00:00');
insert into t1 values ('13:00:00');
insert into t1 values ('13:00:00');
insert into t1 values ('13:00:00');
insert into t1 values ('09:00:00');
select t, time_to_sec(t),sec_to_time(time_to_sec(t)) from t1;
ERROR 42000: FUNCTION time_to_sec does not exist
select sec_to_time(time_to_sec(t)) from t1;
ERROR 42000: FUNCTION time_to_sec does not exist
drop table t1;
select cast('100:55:50' as time) < cast('24:00:00' as time);
Got one of the listed errors
select cast('100:55:50' as time) < cast('024:00:00' as time);
Got one of the listed errors
select cast('300:55:50' as time) < cast('240:00:00' as time);
Got one of the listed errors
select cast('100:55:50' as time) > cast('24:00:00' as time);
Got one of the listed errors
select cast('100:55:50' as time) > cast('024:00:00' as time);
Got one of the listed errors
select cast('300:55:50' as time) > cast('240:00:00' as time);
Got one of the listed errors
create table t1 (f1 time);
insert into t1 values ('24:00:00');
ERROR HY000: Received an invalid value '24:00:00' for a UNIX timestamp.
select cast('24:00:00' as time) = (select f1 from t1);
Got one of the listed errors
drop table t1;
create table t1(f1 time, f2 time);
insert into t1 values('20:00:00','150:00:00');
ERROR HY000: Received an invalid value '150:00:00' for a UNIX timestamp.
select 1 from t1 where cast('100:00:00' as time) between f1 and f2;
Got one of the listed errors
drop table t1;
CREATE TABLE  t1 (
f2 date NOT NULL,
f3 int NOT NULL default '0',
PRIMARY KEY  (f3, f2)
);
INSERT INTO t1 VALUES ('2007-07-01', 1);
INSERT INTO t1 VALUES ('2007-07-01', 2);
INSERT INTO t1 VALUES ('2007-07-02', 1);
INSERT INTO t1 VALUES ('2007-07-02', 2);
SELECT sum(f3) FROM t1 WHERE f2='2007-07-01 00:00:00' group by f2;
sum(f3)
3
drop table t1;
